player,runs,balls,fours,sixes,matches,dismissals,strike_rate,average,boundary_runs_pct,dot_balls,dot_ball_pct
A Ashish Reddy,280,193,16,15,23,15.0,145.0777202072539,18.666666666666668,55.00000000000001,56.0,29.015544041450774
A Badoni,1178,834,96,47,56,46.0,141.24700239808155,25.608695652173914,56.536502546689306,256.0,30.69544364508393
A Chandila,4,7,0,0,2,0.0,57.14285714285714,,0.0,3.0,42.857142857142854
A Chopra,53,71,7,0,6,6.0,74.64788732394366,8.833333333333334,52.83018867924528,40.0,56.33802816901409
A Choudhary,25,20,1,1,3,1.0,125.0,25.0,40.0,4.0,20.0
A Dananjaya,4,5,0,0,1,0.0,80.0,,0.0,2.0,40.0
A Flintoff,62,53,5,2,3,2.0,116.98113207547169,31.0,51.61290322580645,17.0,32.075471698113205
A Kamboj,74,50,5,4,10,3.0,148.0,24.666666666666668,59.45945945945946,12.0,24.0
A Kumble,35,47,3,0,15,3.0,74.46808510638297,11.666666666666666,34.285714285714285,20.0,42.5531914893617
A Manohar,292,235,23,14,20,19.0,124.25531914893617,15.368421052631579,60.273972602739725,90.0,38.297872340425535
A Mhatre,441,239,51,23,13,13.0,184.51882845188285,33.92307692307692,77.55102040816327,79.0,33.054393305439326
A Mishra,381,417,31,5,55,32.0,91.36690647482014,11.90625,40.419947506561684,168.0,40.28776978417266
A Mithun,34,26,4,1,6,5.0,130.76923076923077,6.8,64.70588235294117,9.0,34.61538461538461
A Mukund,19,22,1,0,2,2.0,86.36363636363636,9.5,21.052631578947366,8.0,36.36363636363637
A Nehra,41,60,3,1,17,7.0,68.33333333333333,5.857142857142857,43.90243902439025,31.0,51.66666666666667
A Nortje,49,50,6,0,14,7.0,98.0,7.0,48.97959183673469,23.0,46.0
A Raghuvanshi,885,606,86,35,30,26.0,146.03960396039605,34.03846153846154,62.59887005649718,180.0,29.7029702970297
A Singh,2,9,0,0,5,4.0,22.22222222222222,0.5,0.0,7.0,77.77777777777779
A Symonds,974,745,74,41,36,27.0,130.73825503355704,36.074074074074076,55.64681724845995,262.0,35.16778523489933
A Tomar,4,8,1,0,1,1.0,50.0,4.0,100.0,7.0,87.5
A Uniyal,4,7,0,0,2,1.0,57.14285714285714,4.0,0.0,3.0,42.857142857142854
A Zampa,15,24,1,0,5,5.0,62.5,3.0,26.666666666666668,12.0,50.0
AA Bilakhia,69,84,5,0,7,5.0,82.14285714285714,13.8,28.985507246376812,36.0,42.857142857142854
AA Chavan,12,11,2,0,3,2.0,109.09090909090908,6.0,66.66666666666666,5.0,45.45454545454545
AA Jhunjhunwala,217,209,19,5,15,13.0,103.82775119617224,16.692307692307693,48.8479262672811,86.0,41.14832535885167
AA Kulkarni,26,33,3,0,4,4.0,78.78787878787878,6.5,46.15384615384615,19.0,57.57575757575758
AA Noffke,9,10,1,0,1,1.0,90.0,9.0,44.44444444444444,4.0,40.0
AB Agarkar,179,151,13,5,18,10.0,118.5430463576159,17.9,45.81005586592179,49.0,32.450331125827816
AB Barath,42,42,5,1,3,2.0,100.0,21.0,61.904761904761905,20.0,47.61904761904761
AB Dinda,26,48,2,0,16,10.0,54.166666666666664,2.6,30.76923076923077,27.0,56.25
AB McDonald,123,100,9,4,9,5.0,123.0,24.6,48.78048780487805,31.0,31.0
AB de Villiers,5181,3400,414,253,170,130.0,152.3823529411765,39.853846153846156,61.26230457440649,983.0,28.911764705882355
AC Blizzard,120,90,21,2,7,7.0,133.33333333333331,17.142857142857142,80.0,45.0,50.0
AC Gilchrist,2069,1483,239,92,80,76.0,139.51449763991909,27.223684210526315,72.88545190913484,628.0,42.3465947403911
AC Thomas,20,19,1,1,4,2.0,105.26315789473684,10.0,50.0,8.0,42.10526315789473
AC Voges,181,143,15,3,7,4.0,126.57342657342659,45.25,43.0939226519337,38.0,26.573426573426573
AD Hales,148,117,13,6,6,6.0,126.49572649572649,24.666666666666668,59.45945945945946,46.0,39.31623931623932
AD Mascarenhas,79,78,5,1,11,9.0,101.28205128205127,8.777777777777779,32.91139240506329,27.0,34.61538461538461
AD Mathews,724,573,44,29,41,31.0,126.35253054101221,23.35483870967742,48.34254143646409,176.0,30.715532286212916
AD Nath,90,98,7,2,10,10.0,91.83673469387756,9.0,44.44444444444444,44.0,44.89795918367347
AD Russell,2655,1509,187,223,114,95.0,175.94433399602386,27.94736842105263,78.56873822975517,580.0,38.43605036447979
AF Milne,25,31,0,1,7,4.0,80.64516129032258,6.25,24.0,14.0,45.16129032258064
AG Murtaza,10,14,1,0,3,1.0,71.42857142857143,10.0,40.0,7.0,50.0
AG Paunikar,49,55,9,0,5,5.0,89.0909090909091,9.8,73.46938775510205,35.0,63.63636363636363
AJ Finch,2092,1626,214,78,90,83.0,128.65928659286593,25.204819277108435,63.28871892925431,628.0,38.622386223862236
AJ Hosein,21,13,1,1,3,0.0,161.53846153846155,,47.61904761904761,3.0,23.076923076923077
AJ Turner,24,28,0,2,6,5.0,85.71428571428571,4.8,50.0,13.0,46.42857142857143
AJ Tye,91,75,6,5,13,9.0,121.33333333333334,10.11111111111111,59.34065934065934,30.0,40.0
AK Markram,1671,1228,131,68,66,56.0,136.07491856677524,29.839285714285715,55.77498503889886,365.0,29.723127035830622
AL Menaria,401,354,24,18,23,21.0,113.27683615819208,19.095238095238095,50.87281795511222,138.0,38.983050847457626
AM Ghazanfar,2,3,0,0,1,0.0,66.66666666666666,,0.0,1.0,33.33333333333333
AM Nayar,672,573,55,20,50,38.0,117.27748691099475,17.68421052631579,50.595238095238095,201.0,35.07853403141361
AM Rahane,5367,4269,540,141,197,178.0,125.72030920590302,30.151685393258425,56.00894354387926,1486.0,34.80908877957367
AN Ahmed,36,26,4,1,6,1.0,138.46153846153845,36.0,61.111111111111114,9.0,34.61538461538461
AN Ghosh,7,8,1,0,2,2.0,87.5,3.5,57.14285714285714,5.0,62.5
AP Dole,34,22,3,1,2,2.0,154.54545454545453,17.0,52.94117647058824,6.0,27.27272727272727
AP Majumdar,87,76,7,2,4,4.0,114.4736842105263,21.75,45.97701149425287,25.0,32.89473684210527
AP Tare,339,272,40,11,27,24.0,124.63235294117648,14.125,66.66666666666666,124.0,45.588235294117645
AR Bawne,12,12,1,0,1,0.0,100.0,,33.33333333333333,4.0,33.33333333333333
AR Patel,2089,1557,146,100,134,96.0,134.16827231856135,21.760416666666668,56.677836285303975,491.0,31.535003211303792
AS Joseph,27,32,3,0,5,1.0,84.375,27.0,44.44444444444444,15.0,46.875
AS Rajpoot,26,41,2,1,7,5.0,63.41463414634146,5.2,53.84615384615385,26.0,63.41463414634146
AS Raut,194,167,13,7,16,9.0,116.1676646706587,21.555555555555557,48.45360824742268,62.0,37.12574850299401
AS Roy,78,64,6,2,14,8.0,121.875,9.75,46.15384615384615,22.0,34.375
AS Yadav,49,39,5,2,6,5.0,125.64102564102564,9.8,65.3061224489796,15.0,38.46153846153847
AT Carey,32,29,0,1,3,2.0,110.34482758620689,16.0,18.75,6.0,20.689655172413794
AT Rayudu,4348,3391,359,173,185,154.0,128.2217634915954,28.233766233766232,56.89972401103955,1142.0,33.67738130345031
AU Rashid,22,15,2,1,2,2.0,146.66666666666666,11.0,63.63636363636363,7.0,46.666666666666664
AUK Pathan,39,23,5,2,7,5.0,169.56521739130434,7.8,82.05128205128204,11.0,47.82608695652174
Abdul Basith,1,1,0,0,1,0.0,100.0,,0.0,0.0,0.0
Abdul Samad,859,575,55,55,58,45.0,149.3913043478261,19.08888888888889,64.0279394644936,185.0,32.17391304347826
Abdur Razzak,0,2,0,0,1,0.0,0.0,,0.0,2.0,100.0
Abhishek Sharma,2379,1383,224,144,89,81.0,172.0173535791757,29.37037037037037,73.98066414459858,465.0,33.622559652928416
Abishek Porel,769,528,80,28,33,30.0,145.6439393939394,25.633333333333333,63.45903771131339,173.0,32.765151515151516
Akash Deep,25,14,2,2,5,3.0,178.57142857142858,8.333333333333334,80.0,5.0,35.714285714285715
Akash Madhwal,8,14,0,0,2,0.0,57.14285714285714,,0.0,6.0,42.857142857142854
Akshat Raghuwanshi,29,25,1,1,2,2.0,115.99999999999999,14.5,34.48275862068966,6.0,24.0
Aman Hakim Khan,115,104,8,6,10,9.0,110.57692307692308,12.777777777777779,59.130434782608695,48.0,46.15384615384615
Aniket Verma,315,196,18,25,20,15.0,160.71428571428572,21.0,70.47619047619048,65.0,33.16326530612245
Anirudh Singh,63,66,6,1,4,4.0,95.45454545454545,15.75,47.61904761904761,31.0,46.96969696969697
Ankit Sharma,87,67,7,4,10,7.0,129.8507462686567,12.428571428571429,59.77011494252874,27.0,40.298507462686565
Ankit Soni,7,9,0,1,3,2.0,77.77777777777779,3.5,85.71428571428571,5.0,55.55555555555556
Anmolpreet Singh,139,115,19,3,9,9.0,120.8695652173913,15.444444444444445,67.62589928057554,53.0,46.08695652173913
Anuj Rawat,318,267,26,14,21,16.0,119.10112359550563,19.875,59.11949685534591,105.0,39.325842696629216
Anureet Singh,36,47,2,1,8,4.0,76.59574468085107,9.0,38.88888888888889,18.0,38.297872340425535
Arjun Tendulkar,18,14,0,1,2,1.0,128.57142857142858,18.0,33.33333333333333,3.0,21.428571428571427
Arshad Khan,142,95,6,11,12,6.0,149.4736842105263,23.666666666666668,63.38028169014085,33.0,34.73684210526316
Arshad Khan (2),5,4,1,0,1,1.0,125.0,5.0,80.0,2.0,50.0
Arshdeep Singh,32,47,4,0,14,6.0,68.08510638297872,5.333333333333333,50.0,30.0,63.829787234042556
Ashok Sharma,1,4,0,0,2,0.0,25.0,,0.0,3.0,75.0
Ashutosh Sharma,564,328,39,40,26,19.0,171.9512195121951,29.68421052631579,70.2127659574468,96.0,29.268292682926827
Ashwani Kumar,1,6,0,0,1,0.0,16.666666666666664,,0.0,5.0,83.33333333333334
Atharva Taide,260,177,30,8,10,10.0,146.89265536723164,26.0,64.61538461538461,58.0,32.7683615819209
Auqib Nabi,14,3,2,1,2,1.0,466.6666666666667,14.0,100.0,1.0,33.33333333333333
Avesh Khan,68,43,7,4,16,4.0,158.13953488372093,17.0,76.47058823529412,18.0,41.86046511627907
Azhar Mahmood,388,303,39,13,21,19.0,128.05280528052805,20.42105263157895,60.30927835051546,107.0,35.31353135313531
Azmatullah Omarzai,151,101,11,10,11,10.0,149.5049504950495,15.1,68.87417218543047,37.0,36.633663366336634
B Akhil,76,55,5,5,11,6.0,138.1818181818182,12.666666666666666,65.78947368421053,22.0,40.0
B Chipli,280,250,28,7,21,15.0,112.00000000000001,18.666666666666668,55.00000000000001,101.0,40.400000000000006
B Indrajith,21,30,2,0,3,3.0,70.0,7.0,38.095238095238095,17.0,56.666666666666664
B Kumar,354,376,34,4,75,38.0,94.14893617021278,9.31578947368421,45.19774011299435,163.0,43.351063829787236
B Laughlin,5,13,0,0,4,2.0,38.46153846153847,2.5,0.0,8.0,61.53846153846154
B Lee,124,96,8,8,19,10.0,129.16666666666669,12.4,64.51612903225806,38.0,39.58333333333333
B Sai Sudharsan,2515,1675,258,83,57,52.0,150.1492537313433,48.36538461538461,60.834990059642145,468.0,27.940298507462686
B Stanlake,5,2,1,0,1,0.0,250.0,,80.0,0.0,0.0
B Sumanth,35,37,3,0,4,1.0,94.5945945945946,35.0,34.285714285714285,14.0,37.83783783783784
BA Bhatt,6,7,0,1,2,1.0,85.71428571428571,6.0,100.0,6.0,85.71428571428571
BA Stokes,935,695,81,32,43,38.0,134.53237410071944,24.605263157894736,55.18716577540107,222.0,31.942446043165468
BAW Mendis,3,6,0,0,3,2.0,50.0,1.5,0.0,3.0,50.0
BB McCullum,2882,2176,293,130,109,104.0,132.44485294117646,27.71153846153846,67.73074253990285,886.0,40.716911764705884
BB Samantray,125,113,13,2,8,5.0,110.61946902654867,25.0,51.2,42.0,37.16814159292036
BB Sran,10,13,0,0,7,1.0,76.92307692307693,10.0,0.0,4.0,30.76923076923077
BCJ Cutting,238,141,15,19,17,11.0,168.79432624113474,21.636363636363637,73.10924369747899,49.0,34.751773049645394
BE Hendricks,1,3,0,0,2,1.0,33.33333333333333,1.0,0.0,2.0,66.66666666666666
BJ Haddin,18,11,2,1,1,1.0,163.63636363636365,18.0,77.77777777777779,5.0,45.45454545454545
BJ Hodge,1400,1112,122,43,63,42.0,125.89928057553956,33.333333333333336,53.28571428571428,386.0,34.71223021582734
BJ Rohrer,193,141,21,5,8,7.0,136.8794326241135,27.571428571428573,59.067357512953365,48.0,34.04255319148936
BKG Mendis,20,10,1,2,1,1.0,200.0,20.0,80.0,4.0,40.0
BMAJ Mendis,23,27,0,0,3,3.0,85.18518518518519,7.666666666666667,0.0,8.0,29.629629629629626
BR Dunk,40,35,7,0,3,3.0,114.28571428571428,13.333333333333334,70.0,17.0,48.57142857142857
BR Sharath,2,5,0,0,1,1.0,40.0,2.0,0.0,3.0,60.0
Basil Thampi,32,35,1,1,7,1.0,91.42857142857143,32.0,31.25,12.0,34.285714285714285
Bipul Sharma,187,123,11,9,17,8.0,152.03252032520325,23.375,52.406417112299465,31.0,25.203252032520325
Brijesh Sharma,2,4,0,0,2,0.0,50.0,,0.0,2.0,50.0
C Bosch,97,63,8,5,6,3.0,153.96825396825398,32.333333333333336,63.91752577319587,21.0,33.33333333333333
C Connolly,491,299,43,32,13,11.0,164.2140468227425,44.63636363636363,74.13441955193483,106.0,35.45150501672241
C Green,1029,677,84,49,42,27.0,151.99409158050221,38.111111111111114,61.224489795918366,192.0,28.360413589364846
C Madan,15,18,3,0,1,1.0,83.33333333333334,15.0,80.0,12.0,66.66666666666666
C Munro,177,141,19,8,11,12.0,125.53191489361701,14.75,70.05649717514125,63.0,44.680851063829785
C Nanda,0,1,0,0,1,1.0,0.0,0.0,0.0,1.0,100.0
C Sakariya,20,30,3,0,7,6.0,66.66666666666666,3.3333333333333335,60.0,19.0,63.33333333333333
C de Grandhomme,303,224,18,18,21,16.0,135.26785714285714,18.9375,59.4059405940594,77.0,34.375
CA Ingram,205,179,22,5,15,12.0,114.52513966480447,17.083333333333332,57.56097560975609,72.0,40.22346368715084
CA Lynn,1329,941,132,66,42,39.0,141.2327311370882,34.07692307692308,69.52595936794582,376.0,39.957492029755585
CA Pujara,390,390,50,4,22,19.0,100.0,20.526315789473685,57.43589743589743,178.0,45.64102564102564
CH Gayle,4997,3331,408,359,141,126.0,150.01501050735516,39.65873015873016,75.76545927556533,1387.0,41.63914740318223
CH Morris,618,397,41,35,49,28.0,155.66750629722924,22.071428571428573,60.517799352750814,115.0,28.967254408060455
CJ Anderson,538,421,40,31,29,22.0,127.79097387173397,24.454545454545453,64.31226765799256,180.0,42.75534441805225
CJ Ferguson,98,117,9,0,8,6.0,83.76068376068376,16.333333333333332,36.734693877551024,55.0,47.008547008547005
CJ Jordan,81,77,3,3,12,10.0,105.1948051948052,8.1,37.03703703703704,31.0,40.25974025974026
CJ McKay,8,15,0,0,1,1.0,53.333333333333336,8.0,0.0,8.0,53.333333333333336
CK Kapugedera,16,22,0,0,3,3.0,72.72727272727273,5.333333333333333,0.0,7.0,31.818181818181817
CK Langeveldt,8,9,0,1,2,2.0,88.88888888888889,4.0,75.0,6.0,66.66666666666666
CL White,971,757,76,38,45,36.0,128.26948480845442,26.97222222222222,54.78887744593203,252.0,33.2892998678996
CM Gautam,169,149,17,6,13,10.0,113.42281879194631,16.9,61.53846153846154,66.0,44.29530201342282
CR Brathwaite,181,110,10,16,14,13.0,164.54545454545456,13.923076923076923,75.13812154696133,41.0,37.27272727272727
CR Woakes,78,77,7,2,12,6.0,101.29870129870129,13.0,51.28205128205128,33.0,42.857142857142854
CRD Fernando,4,3,0,0,2,0.0,133.33333333333331,,0.0,0.0,0.0
CV Varun,31,53,3,0,13,6.0,58.490566037735846,5.166666666666667,38.70967741935484,31.0,58.490566037735846
D Brevis,606,415,38,43,24,24.0,146.02409638554218,25.25,67.65676567656766,156.0,37.59036144578313
D Ferreira,326,191,26,23,16,12.0,170.6806282722513,27.166666666666668,74.23312883435584,66.0,34.55497382198953
D Kalyankrishna,3,8,0,0,1,1.0,37.5,3.0,0.0,4.0,50.0
D Padikkal,2270,1700,241,80,89,85.0,133.52941176470588,26.705882352941178,63.61233480176212,619.0,36.411764705882355
D Pretorius,44,28,3,3,5,4.0,157.14285714285714,11.0,68.18181818181817,10.0,35.714285714285715
D Salunkhe,33,24,5,0,3,2.0,137.5,16.5,60.60606060606061,8.0,33.33333333333333
D Wiese,148,100,12,7,11,5.0,148.0,29.6,60.810810810810814,28.0,28.000000000000004
D du Preez,10,13,0,0,1,1.0,76.92307692307693,10.0,0.0,5.0,38.46153846153847
DA Miller,3288,2350,235,152,143,93.0,139.91489361702128,35.354838709677416,56.326034063260344,676.0,28.76595744680851
DA Payne,6,5,0,0,1,0.0,120.0,,0.0,0.0,0.0
DA Warner,6567,4682,663,236,184,164.0,140.26057240495516,40.042682926829265,61.94609410689813,1628.0,34.77146518581803
DAJ Bracewell,12,9,1,0,1,0.0,133.33333333333331,,33.33333333333333,1.0,11.11111111111111
DB Das,304,260,23,16,22,14.0,116.92307692307693,21.714285714285715,61.8421052631579,107.0,41.15384615384615
DB Ravi Teja,375,315,35,9,25,19.0,119.04761904761905,19.736842105263158,51.733333333333334,105.0,33.33333333333333
DE Bollinger,21,22,1,1,4,1.0,95.45454545454545,21.0,47.61904761904761,9.0,40.909090909090914
DG Nalkande,12,12,0,1,2,2.0,100.0,6.0,50.0,5.0,41.66666666666667
DH Yagnik,170,133,23,2,17,10.0,127.81954887218046,17.0,61.1764705882353,48.0,36.09022556390977
DJ Bravo,1560,1196,120,66,110,69.0,130.43478260869566,22.608695652173914,56.15384615384615,425.0,35.53511705685619
DJ Harris,111,101,11,5,4,4.0,109.9009900990099,27.75,66.66666666666666,48.0,47.524752475247524
DJ Hooda,1497,1167,98,62,101,85.0,128.2776349614396,17.611764705882354,51.03540414161657,372.0,31.876606683804624
DJ Hussey,1322,1070,90,60,61,49.0,123.55140186915887,26.979591836734695,54.46293494704992,377.0,35.23364485981308
DJ Jacobs,92,98,10,4,7,7.0,93.87755102040816,13.142857142857142,69.56521739130434,53.0,54.08163265306123
DJ Malan,26,26,1,1,1,1.0,100.0,26.0,38.46153846153847,9.0,34.61538461538461
DJ Mitchell,351,267,28,10,15,13.0,131.46067415730337,27.0,49.002849002849004,73.0,27.340823970037455
DJ Muthuswami,1,3,0,0,1,1.0,33.33333333333333,1.0,0.0,2.0,66.66666666666666
DJ Thornely,39,53,2,2,4,2.0,73.58490566037736,19.5,51.28205128205128,26.0,49.056603773584904
DJ Willey,53,62,7,0,5,2.0,85.48387096774194,26.5,52.83018867924528,32.0,51.61290322580645
DJG Sammy,295,241,15,18,20,15.0,122.40663900414938,19.666666666666668,56.949152542372886,89.0,36.92946058091287
DJM Short,115,99,11,5,7,7.0,116.16161616161615,16.428571428571427,64.34782608695652,44.0,44.44444444444444
DL Chahar,142,103,8,9,20,10.0,137.8640776699029,14.2,60.56338028169014,37.0,35.92233009708738
DL Vettori,121,112,11,2,16,8.0,108.03571428571428,15.125,46.28099173553719,31.0,27.67857142857143
DM Bravo,6,5,1,0,1,0.0,120.0,,66.66666666666666,2.0,40.0
DNT Zoysa,11,9,1,0,2,1.0,122.22222222222223,11.0,36.36363636363637,1.0,11.11111111111111
DP Conway,1080,770,117,34,28,25.0,140.25974025974025,43.2,62.22222222222222,240.0,31.16883116883117
DP Nannes,4,13,0,0,2,1.0,30.76923076923077,4.0,0.0,9.0,69.23076923076923
DP Vijaykumar,1,1,0,0,1,0.0,100.0,,0.0,0.0,0.0
DPMD Jayawardene,1808,1462,200,40,78,64.0,123.66621067031464,28.25,57.52212389380531,528.0,36.11491108071135
DR Martyn,19,24,1,0,1,1.0,79.16666666666666,19.0,21.052631578947366,8.0,33.33333333333333
DR Sams,44,44,1,3,13,9.0,100.0,4.888888888888889,50.0,22.0,50.0
DR Shorey,13,17,0,1,2,2.0,76.47058823529412,6.5,46.15384615384615,9.0,52.94117647058824
DR Smith,2385,1755,245,117,88,84.0,135.8974358974359,28.392857142857142,70.52410901467505,738.0,42.05128205128205
DS Kulkarni,104,108,7,2,20,9.0,96.29629629629629,11.555555555555555,38.46153846153847,43.0,39.81481481481482
DS Lehmann,18,18,3,0,2,2.0,100.0,9.0,66.66666666666666,8.0,44.44444444444444
DS Rathi,3,8,0,0,3,1.0,37.5,3.0,0.0,4.0,50.0
DT Christian,460,394,23,19,41,31.0,116.75126903553299,14.838709677419354,44.78260869565218,128.0,32.48730964467005
DT Patil,13,13,1,0,2,2.0,100.0,6.5,30.76923076923077,5.0,38.46153846153847
DV Malewar,2,5,0,0,2,2.0,40.0,1.0,0.0,3.0,60.0
DW Steyn,167,160,14,3,33,22.0,104.375,7.590909090909091,44.31137724550898,66.0,41.25
Dhruv Jurel,1195,775,98,62,51,38.0,154.19354838709677,31.44736842105263,63.93305439330545,232.0,29.935483870967744
E Lewis,654,477,62,36,26,24.0,137.1069182389937,27.25,70.9480122324159,204.0,42.76729559748428
E Malinga,7,17,0,0,3,1.0,41.17647058823529,7.0,0.0,9.0,52.94117647058824
EJG Morgan,1406,1147,112,64,74,62.0,122.58064516129032,22.677419354838708,59.17496443812234,444.0,38.70967741935484
ER Dwivedi,24,14,2,2,2,2.0,171.42857142857142,12.0,83.33333333333334,5.0,35.714285714285715
F Behardien,14,13,2,0,3,2.0,107.6923076923077,7.0,57.14285714285714,5.0,38.46153846153847
F du Plessis,4773,3506,440,174,147,136.0,136.13804905875642,35.095588235294116,58.74711921223549,1149.0,32.77239018824872
FA Allen,14,18,1,0,3,2.0,77.77777777777779,7.0,28.57142857142857,9.0,50.0
FH Allen,349,163,33,28,11,10.0,214.11042944785277,34.9,85.95988538681948,57.0,34.96932515337423
FH Edwards,4,5,0,0,2,1.0,80.0,4.0,0.0,3.0,60.0
FY Fazal,183,172,22,1,11,10.0,106.3953488372093,18.3,51.36612021857923,62.0,36.04651162790697
Fazalhaq Farooqi,5,15,0,0,3,0.0,33.33333333333333,,0.0,10.0,66.66666666666666
G Coetzee,31,32,2,2,7,6.0,96.875,5.166666666666667,64.51612903225806,16.0,50.0
G Gambhir,4217,3394,492,59,151,136.0,124.2486741308191,31.00735294117647,55.0628408821437,1170.0,34.472598703594585
GB Hogg,22,22,1,0,4,3.0,100.0,7.333333333333333,18.181818181818183,5.0,22.727272727272727
GC Smith,739,664,94,9,29,26.0,111.29518072289157,28.423076923076923,58.18673883626523,283.0,42.62048192771085
GC Viljoen,3,7,0,0,3,2.0,42.857142857142854,1.5,0.0,3.0,42.857142857142854
GD McGrath,4,5,1,0,2,1.0,80.0,4.0,100.0,4.0,80.0
GD Phillips,132,108,7,8,13,11.0,122.22222222222223,12.0,57.57575757575758,45.0,41.66666666666667
GF Linde,31,21,6,0,3,3.0,147.61904761904762,10.333333333333334,77.41935483870968,9.0,42.857142857142854
GH Vihari,284,319,23,1,23,20.0,89.0282131661442,14.2,34.50704225352113,133.0,41.692789968652036
GHS Garton,2,4,0,0,2,1.0,50.0,2.0,0.0,2.0,50.0
GJ Bailey,663,541,59,19,36,27.0,122.55083179297597,24.555555555555557,52.79034690799397,187.0,34.56561922365989
GJ Maxwell,2820,1810,238,161,134,118.0,155.8011049723757,23.89830508474576,68.01418439716312,597.0,32.98342541436464
GR Napier,15,16,1,0,1,1.0,93.75,15.0,26.666666666666668,7.0,43.75
Gulbadin Naib,19,15,1,1,1,1.0,126.66666666666666,19.0,52.63157894736842,4.0,26.666666666666668
Gurkeerat Singh,511,422,55,11,32,24.0,121.09004739336493,21.291666666666668,55.96868884540117,145.0,34.360189573459714
H Das,2,5,0,0,1,1.0,40.0,2.0,0.0,3.0,60.0
H Klaasen,2104,1253,146,120,60,50.0,167.91699920191542,42.08,61.97718631178707,300.0,23.942537909018355
HC Brook,190,153,23,4,11,9.0,124.18300653594771,21.11111111111111,61.05263157894737,64.0,41.830065359477125
HE van der Dussen,22,24,2,0,3,2.0,91.66666666666666,11.0,36.36363636363637,9.0,37.5
HF Gurney,1,5,0,0,1,0.0,20.0,,0.0,4.0,80.0
HH Gibbs,886,805,83,31,36,32.0,110.06211180124224,27.6875,58.465011286681715,354.0,43.975155279503106
HH Pandya,2964,2016,228,157,150,107.0,147.02380952380955,27.700934579439252,62.55060728744939,644.0,31.944444444444443
HM Amla,577,406,60,21,16,13.0,142.11822660098522,44.38461538461539,63.43154246100519,130.0,32.01970443349754
HR Shokeen,66,65,9,0,5,3.0,101.53846153846153,22.0,54.54545454545454,29.0,44.61538461538462
HV Patel,280,238,18,15,44,32.0,117.64705882352942,8.75,57.85714285714286,96.0,40.33613445378151
Harbhajan Singh,833,599,79,42,88,53.0,139.0651085141903,15.716981132075471,68.18727490996399,236.0,39.39899833055092
Harmeet Singh,18,12,3,0,4,4.0,150.0,4.5,66.66666666666666,5.0,41.66666666666667
Harpreet Brar,249,206,20,10,27,12.0,120.87378640776699,20.75,56.22489959839358,75.0,36.407766990291265
Harpreet Singh,123,118,10,3,8,7.0,104.23728813559323,17.571428571428573,47.15447154471545,46.0,38.983050847457626
Harsh Dubey,13,9,2,0,4,2.0,144.44444444444443,6.5,61.53846153846154,3.0,33.33333333333333
Harshit Rana,59,55,5,3,10,6.0,107.27272727272728,9.833333333333334,64.40677966101694,29.0,52.72727272727272
Himmat Singh,92,65,5,5,5,3.0,141.53846153846155,30.666666666666668,54.347826086956516,19.0,29.230769230769234
I Malhotra,7,4,1,0,1,0.0,175.0,,57.14285714285714,0.0,0.0
I Sharma,57,69,4,2,21,6.0,82.6086956521739,9.5,49.122807017543856,35.0,50.72463768115942
I Udana,15,11,1,1,4,3.0,136.36363636363635,5.0,66.66666666666666,4.0,36.36363636363637
IC Pandey,0,2,0,0,1,1.0,0.0,0.0,0.0,2.0,100.0
IK Pathan,1150,947,88,38,82,53.0,121.43611404435057,21.69811320754717,50.43478260869565,304.0,32.101372756071804
IR Jaggi,76,97,6,0,7,5.0,78.35051546391753,15.2,31.57894736842105,46.0,47.42268041237113
IS Sodhi,7,17,0,0,2,2.0,41.17647058823529,3.5,0.0,10.0,58.82352941176471
Imran Tahir,33,37,5,0,8,4.0,89.1891891891892,8.25,60.60606060606061,20.0,54.054054054054056
Iqbal Abdulla,88,82,9,1,13,2.0,107.31707317073172,44.0,47.72727272727273,28.0,34.146341463414636
Ishan Kishan,3600,2501,348,166,127,118.0,143.9424230307877,30.508474576271187,66.33333333333333,883.0,35.305877648940424
J Arunkumar,23,23,5,0,3,3.0,100.0,7.666666666666667,86.95652173913044,14.0,60.86956521739131
J Botha,409,358,39,5,28,20.0,114.24581005586592,20.45,45.47677261613692,126.0,35.19553072625698
J Fraser-McGurk,385,191,39,30,15,15.0,201.57068062827227,25.666666666666668,87.27272727272727,78.0,40.83769633507853
J Overton,151,92,14,7,8,5.0,164.1304347826087,30.2,64.90066225165563,24.0,26.08695652173913
J Suchith,70,61,6,3,9,4.0,114.75409836065573,17.5,60.0,25.0,40.98360655737705
J Syed Mohammad,29,26,4,0,5,2.0,111.53846153846155,14.5,55.172413793103445,10.0,38.46153846153847
J Theron,10,12,1,0,4,2.0,83.33333333333334,5.0,40.0,5.0,41.66666666666667
J Yadav,40,36,2,1,4,4.0,111.11111111111111,10.0,35.0,12.0,33.33333333333333
JA Morkel,975,683,61,55,67,40.0,142.75256222547583,24.375,58.87179487179487,211.0,30.89311859443631
JA Richardson,17,26,2,0,3,3.0,65.38461538461539,5.666666666666667,47.05882352941176,16.0,61.53846153846154
JC Archer,326,220,18,22,40,25.0,148.1818181818182,13.04,62.57668711656442,78.0,35.45454545454545
JC Buttler,4647,3094,459,211,136,118.0,150.1939237233355,39.38135593220339,66.75274370561652,1063.0,34.3568196509373
JD Ryder,604,455,69,19,29,28.0,132.74725274725273,21.571428571428573,64.56953642384106,180.0,39.56043956043956
JD Unadkat,201,169,16,7,28,16.0,118.93491124260356,12.5625,52.736318407960205,62.0,36.68639053254438
JDP Oram,106,107,6,5,11,8.0,99.06542056074767,13.25,50.943396226415096,46.0,42.99065420560748
JDS Neesham,92,93,6,2,10,9.0,98.9247311827957,10.222222222222221,39.130434782608695,39.0,41.935483870967744
JE Root,10,15,1,0,1,1.0,66.66666666666666,10.0,40.0,8.0,53.333333333333336
JE Taylor,3,3,0,0,2,1.0,100.0,3.0,0.0,1.0,33.33333333333333
JEC Franklin,327,300,25,9,16,11.0,109.00000000000001,29.727272727272727,47.09480122324159,109.0,36.333333333333336
JG Bethell,163,116,21,6,9,9.0,140.51724137931035,18.11111111111111,73.61963190184049,42.0,36.206896551724135
JH Kallis,2427,2213,255,44,95,85.0,109.6701310438319,28.55294117647059,52.90482076637824,878.0,39.67464979665613
JJ Bumrah,75,85,6,1,29,8.0,88.23529411764706,9.375,40.0,37.0,43.529411764705884
JJ Roy,614,441,75,21,21,19.0,139.22902494331066,32.31578947368421,69.38110749185668,170.0,38.54875283446712
JJ van der Wath,18,16,1,1,3,2.0,112.5,9.0,55.55555555555556,7.0,43.75
JL Denly,0,1,0,0,1,1.0,0.0,0.0,0.0,1.0,100.0
JL Pattinson,15,13,2,0,2,1.0,115.38461538461537,15.0,53.333333333333336,4.0,30.76923076923077
JM Bairstow,1674,1142,173,74,52,48.0,146.58493870402802,34.875,67.86140979689367,422.0,36.952714535901926
JM Kemp,26,24,1,1,2,2.0,108.33333333333333,13.0,38.46153846153847,10.0,41.66666666666667
JM Sharma,1107,723,86,68,59,48.0,153.11203319502073,23.0625,67.93134598012647,260.0,35.9612724757953
JO Holder,324,261,16,21,34,26.0,124.13793103448276,12.461538461538462,58.64197530864198,105.0,40.229885057471265
JP Behrendorff,6,9,0,0,2,0.0,66.66666666666666,,0.0,3.0,33.33333333333333
JP Duminy,2029,1631,126,79,75,51.0,124.40220723482527,39.78431372549019,48.20108427796944,480.0,29.429797670141017
JP Faulkner,527,385,36,23,45,26.0,136.88311688311688,20.26923076923077,53.510436432637576,121.0,31.428571428571427
JP Inglis,544,313,58,28,16,14.0,173.80191693290735,38.857142857142854,73.52941176470588,98.0,31.309904153354633
JPR Scantlebury-Searles,8,6,0,1,2,1.0,133.33333333333331,8.0,75.0,3.0,50.0
JR Hazlewood,19,30,1,0,8,1.0,63.33333333333333,19.0,21.052631578947366,15.0,50.0
JR Hopes,417,305,49,11,19,16.0,136.72131147540983,26.0625,62.829736211031175,110.0,36.0655737704918
JR Philippe,78,77,9,1,5,4.0,101.29870129870129,19.5,53.84615384615385,34.0,44.15584415584416
Jaskaran Singh,8,11,0,0,4,1.0,72.72727272727273,8.0,0.0,5.0,45.45454545454545
Joginder Sharma,36,30,1,2,5,4.0,120.0,9.0,44.44444444444444,10.0,33.33333333333333
K Goel,218,231,17,9,16,15.0,94.37229437229438,14.533333333333333,55.96330275229357,114.0,49.35064935064935
K Gowtham,247,148,15,17,27,18.0,166.89189189189187,13.722222222222221,65.58704453441295,48.0,32.432432432432435
K Kartikeya,12,17,1,0,4,4.0,70.58823529411765,3.0,33.33333333333333,7.0,41.17647058823529
K Rabada,262,238,21,11,34,20.0,110.08403361344538,13.1,57.25190839694656,101.0,42.436974789915965
K Upadhyay,12,9,0,1,2,0.0,133.33333333333331,,50.0,3.0,33.33333333333333
K Yadav,0,4,0,0,1,0.0,0.0,,0.0,4.0,100.0
KA Jamieson,77,73,6,4,10,5.0,105.47945205479452,15.4,62.33766233766234,33.0,45.20547945205479
KA Maharaj,1,2,0,0,1,1.0,50.0,1.0,0.0,1.0,50.0
KA Pollard,3437,2315,221,224,168,121.0,148.46652267818575,28.40495867768595,64.82397439627582,787.0,33.99568034557235
KAJ Roach,10,9,1,0,1,1.0,111.11111111111111,10.0,40.0,3.0,33.33333333333333
KB Arun Karthik,51,51,4,1,8,5.0,100.0,10.2,43.13725490196079,17.0,33.33333333333333
KC Cariappa,24,21,0,2,5,3.0,114.28571428571428,8.0,50.0,8.0,38.095238095238095
KC Sangakkara,1687,1385,195,27,68,65.0,121.80505415162455,25.953846153846154,55.838767042086545,484.0,34.94584837545126
KD Karthik,4843,3570,466,161,233,184.0,135.65826330532212,26.320652173913043,58.43485442907289,1151.0,32.24089635854342
KH Pandya,1982,1477,173,76,123,85.0,134.19092755585646,23.31764705882353,57.921291624621595,508.0,34.39404197698037
KJ Abbott,13,8,0,1,3,1.0,162.5,13.0,46.15384615384615,3.0,37.5
KK Ahmed,2,9,0,0,6,5.0,22.22222222222222,0.4,0.0,7.0,77.77777777777779
KK Cooper,116,67,9,8,12,9.0,173.13432835820893,12.88888888888889,72.41379310344827,26.0,38.80597014925373
KK Nair,1712,1302,188,49,78,73.0,131.4900153609831,23.45205479452055,61.0981308411215,477.0,36.63594470046083
KL Nagarkoti,22,33,1,0,7,4.0,66.66666666666666,5.5,18.181818181818183,16.0,48.484848484848484
KL Rahul,5828,4176,509,239,149,128.0,139.55938697318007,45.53125,59.5401509951956,1322.0,31.657088122605366
KM Asif,0,2,0,0,1,1.0,0.0,0.0,0.0,2.0,100.0
KM Jadhav,1208,969,102,40,81,54.0,124.66460268317854,22.37037037037037,53.64238410596026,325.0,33.539731682146545
KMA Paul,18,24,1,1,5,5.0,75.0,3.6,55.55555555555556,13.0,54.166666666666664
KMDN Kulasekara,5,3,1,0,1,0.0,166.66666666666669,,80.0,0.0,0.0
KP Appanna,2,4,0,0,3,1.0,50.0,2.0,0.0,1.0,25.0
KP Pietersen,1001,742,91,40,36,27.0,134.9056603773585,37.074074074074076,60.33966033966034,257.0,34.63611859838275
KR Mayers,379,258,38,22,13,13.0,146.89922480620154,29.153846153846153,74.93403693931398,119.0,46.12403100775194
KR Sen,0,3,0,0,1,0.0,0.0,,0.0,3.0,100.0
KS Bharat,199,161,12,8,8,7.0,123.6024844720497,28.428571428571427,48.24120603015075,53.0,32.91925465838509
KS Rathore,0,5,0,0,1,1.0,0.0,0.0,0.0,5.0,100.0
KS Sharma,16,25,1,0,3,3.0,64.0,5.333333333333333,25.0,12.0,48.0
KS Williamson,2132,1692,187,64,76,60.0,126.0047281323877,35.53333333333333,53.09568480300187,558.0,32.97872340425532
KT Maphaka,8,2,2,0,1,0.0,400.0,,100.0,0.0,0.0
KV Sharma,352,295,20,17,40,26.0,119.3220338983051,13.538461538461538,51.70454545454546,101.0,34.23728813559322
KW Richardson,36,39,2,1,4,3.0,92.3076923076923,12.0,38.88888888888889,17.0,43.58974358974359
Kamran Akmal,128,77,13,8,6,5.0,166.23376623376623,25.6,78.125,31.0,40.25974025974026
Kamran Khan,3,5,0,0,1,1.0,60.0,3.0,0.0,3.0,60.0
Karanveer Singh,12,17,1,0,4,1.0,70.58823529411765,12.0,33.33333333333333,9.0,52.94117647058824
Kartik Sharma,295,216,24,16,11,9.0,136.57407407407408,32.77777777777778,65.08474576271186,84.0,38.88888888888889
Kartik Tyagi,24,26,2,1,9,7.0,92.3076923076923,3.4285714285714284,58.333333333333336,12.0,46.15384615384615
Krish Bhagat,10,21,0,0,2,1.0,47.61904761904761,10.0,0.0,11.0,52.38095238095239
Kuldeep Yadav,210,253,18,3,41,18.0,83.00395256916995,11.666666666666666,42.857142857142854,120.0,47.43083003952569
Kumar Kushagra,21,21,3,0,4,4.0,100.0,5.25,57.14285714285714,11.0,52.38095238095239
L Ablish,0,2,0,0,1,0.0,0.0,,0.0,2.0,100.0
L Balaji,36,49,2,1,13,8.0,73.46938775510205,4.5,38.88888888888889,25.0,51.02040816326531
L Ngidi,4,8,0,0,4,2.0,50.0,2.0,0.0,5.0,62.5
L Ronchi,34,34,6,1,5,5.0,100.0,6.8,88.23529411764706,23.0,67.64705882352942
L Wood,9,3,0,1,1,0.0,300.0,,66.66666666666666,0.0,0.0
LA Carseldine,81,66,11,0,5,4.0,122.72727272727273,20.25,54.32098765432099,26.0,39.39393939393939
LA Pomersbach,302,243,25,13,16,11.0,124.27983539094649,27.454545454545453,58.94039735099338,92.0,37.86008230452675
LB Williams,1,2,0,0,1,0.0,50.0,,0.0,1.0,50.0
LE Plunkett,1,3,0,0,2,1.0,33.33333333333333,1.0,0.0,2.0,66.66666666666666
LG Pretorius,7,8,0,0,2,2.0,87.5,3.5,0.0,2.0,25.0
LH Ferguson,72,46,7,2,8,3.0,156.52173913043478,24.0,55.55555555555556,11.0,23.91304347826087
LJ Wright,106,59,16,3,5,5.0,179.66101694915255,21.2,77.35849056603774,19.0,32.20338983050847
LMP Simmons,1079,848,109,44,29,27.0,127.24056603773586,39.96296296296296,64.87488415199259,359.0,42.33490566037736
LPC Silva,40,26,5,1,3,2.0,153.84615384615387,20.0,65.0,7.0,26.923076923076923
LR Shukla,405,350,33,16,33,27.0,115.71428571428572,15.0,56.2962962962963,130.0,37.142857142857146
LRPL Taylor,1017,818,66,46,54,40.0,124.3276283618582,25.425,53.09734513274337,283.0,34.59657701711492
LS Livingstone,1066,680,70,76,49,42.0,156.76470588235293,25.38095238095238,69.04315196998124,228.0,33.52941176470588
Lalit Yadav,305,285,27,7,21,16.0,107.01754385964912,19.0625,49.18032786885246,108.0,37.89473684210527
Liton Das,4,4,1,0,1,1.0,100.0,4.0,100.0,3.0,75.0
M Ashwin,35,50,2,1,12,9.0,70.0,3.888888888888889,40.0,27.0,54.0
M Jansen,192,174,9,9,25,15.0,110.34482758620689,12.8,46.875,59.0,33.90804597701149
M Kaif,259,249,22,6,22,18.0,104.01606425702812,14.38888888888889,47.87644787644788,106.0,42.570281124497996
M Kartik,113,107,7,1,14,7.0,105.60747663551402,16.142857142857142,30.08849557522124,29.0,27.102803738317753
M Klinger,73,75,9,0,4,4.0,97.33333333333334,18.25,49.31506849315068,33.0,44.0
M Manhas,514,470,43,10,38,23.0,109.36170212765957,22.347826086956523,45.13618677042802,174.0,37.02127659574468
M Markande,48,42,5,1,10,3.0,114.28571428571428,16.0,54.166666666666664,14.0,33.33333333333333
M Morkel,126,89,11,5,20,11.0,141.57303370786516,11.454545454545455,58.730158730158735,32.0,35.95505617977528
M Muralitharan,20,29,1,0,9,6.0,68.96551724137932,3.3333333333333335,20.0,15.0,51.724137931034484
M Ntini,11,18,2,0,2,1.0,61.111111111111114,11.0,72.72727272727273,14.0,77.77777777777779
M Prasidh Krishna,15,31,1,0,8,3.0,48.38709677419355,5.0,26.666666666666668,19.0,61.29032258064516
M Rawat,55,69,4,1,11,5.0,79.71014492753623,11.0,40.0,30.0,43.47826086956522
M Shahrukh Khan,775,524,49,52,53,38.0,147.90076335877862,20.394736842105264,65.54838709677419,178.0,33.969465648854964
M Theekshana,17,34,0,1,6,3.0,50.0,5.666666666666667,35.294117647058826,20.0,58.82352941176471
M Tiwari,21,12,2,1,2,1.0,175.0,21.0,66.66666666666666,3.0,25.0
M Vijay,2619,2148,247,91,105,101.0,121.92737430167597,25.93069306930693,58.57197403589156,893.0,41.57355679702049
M Vohra,1083,828,104,43,51,49.0,130.79710144927537,22.102040816326532,62.23453370267775,345.0,41.66666666666667
M de Lange,1,2,0,0,1,1.0,50.0,1.0,0.0,1.0,50.0
MA Agarwal,2764,2054,275,100,125,120.0,134.56669912366115,23.033333333333335,61.50506512301013,738.0,35.92989289191821
MA Khote,24,22,2,1,3,2.0,109.09090909090908,12.0,58.333333333333336,7.0,31.818181818181817
MA Starc,111,121,11,0,22,12.0,91.73553719008265,9.25,39.63963963963964,47.0,38.84297520661157
MA Wood,12,8,1,1,3,2.0,150.0,6.0,83.33333333333334,4.0,50.0
MC Henriques,1000,785,87,28,54,36.0,127.38853503184713,27.77777777777778,51.6,256.0,32.611464968152866
MC Juneja,125,128,11,1,7,7.0,97.65625,17.857142857142858,40.0,45.0,35.15625
MD Choudhary,170,120,11,12,10,6.0,141.66666666666669,28.333333333333332,68.23529411764706,46.0,38.333333333333336
MD Mishra,237,206,24,8,17,16.0,115.04854368932038,14.8125,60.75949367088608,93.0,45.14563106796117
MD Shanaka,89,72,5,5,8,7.0,123.61111111111111,12.714285714285714,56.17977528089888,29.0,40.27777777777778
MDKJ Perera,14,13,3,0,2,2.0,107.6923076923077,7.0,85.71428571428571,7.0,53.84615384615385
MEK Hussey,1977,1610,198,52,58,51.0,122.79503105590062,38.76470588235294,55.84218512898331,572.0,35.52795031055901
MF Maharoof,177,123,12,9,14,10.0,143.90243902439025,17.7,57.6271186440678,40.0,32.52032520325203
MG Bracewell,58,47,6,1,4,2.0,123.40425531914893,29.0,51.724137931034484,12.0,25.53191489361702
MG Johnson,167,163,10,7,28,13.0,102.45398773006136,12.846153846153847,49.101796407185624,69.0,42.331288343558285
MJ Clarke,98,94,12,0,6,6.0,104.25531914893618,16.333333333333332,48.97959183673469,38.0,40.42553191489361
MJ Guptill,271,196,24,15,13,12.0,138.26530612244898,22.583333333333332,68.63468634686348,87.0,44.38775510204081
MJ Henry,7,10,1,0,2,2.0,70.0,3.5,57.14285714285714,6.0,60.0
MJ Lumb,278,191,45,6,12,12.0,145.5497382198953,23.166666666666668,77.6978417266187,83.0,43.455497382198956
MJ McClenaghan,85,69,5,7,20,13.0,123.18840579710144,6.538461538461538,72.94117647058823,34.0,49.275362318840585
MJ Owen,0,2,0,0,1,1.0,0.0,0.0,0.0,2.0,100.0
MJ Santner,136,122,9,6,21,8.0,111.47540983606557,17.0,52.94117647058824,46.0,37.704918032786885
MJ Suthar,1,2,0,0,1,1.0,50.0,1.0,0.0,1.0,50.0
MK Lomror,527,372,33,30,35,29.0,141.66666666666669,18.17241379310345,59.20303605313093,106.0,28.49462365591398
MK Pandey,4021,3288,348,118,163,137.0,122.29318734793186,29.35036496350365,52.22581447401144,1144.0,34.79318734793188
MK Tiwary,1695,1444,156,40,83,59.0,117.38227146814404,28.728813559322035,50.97345132743363,506.0,35.041551246537395
ML Hayden,1107,799,121,44,32,31.0,138.54818523153943,35.70967741935484,67.57000903342367,308.0,38.54818523153942
MM Ali,1167,832,95,67,59,53.0,140.2644230769231,22.0188679245283,67.00942587832049,309.0,37.13942307692308
MM Patel,39,41,5,0,12,6.0,95.1219512195122,6.5,51.28205128205128,17.0,41.46341463414634
MM Sharma,125,136,9,4,30,18.0,91.91176470588235,6.944444444444445,48.0,63.0,46.32352941176471
MN Samuels,161,172,9,7,14,13.0,93.6046511627907,12.384615384615385,48.4472049689441,75.0,43.604651162790695
MN van Wyk,167,131,19,1,5,3.0,127.48091603053436,55.666666666666664,49.101796407185624,37.0,28.24427480916031
MP Breetzke,14,12,1,1,1,1.0,116.66666666666667,14.0,71.42857142857143,6.0,50.0
MP Stoinis,2242,1512,181,117,108,78.0,148.2804232804233,28.743589743589745,63.60392506690455,489.0,32.34126984126984
MP Yadav,5,5,1,0,1,1.0,100.0,5.0,80.0,3.0,60.0
MR Marsh,1855,1245,155,111,62,60.0,148.99598393574297,30.916666666666668,69.32614555256065,440.0,35.34136546184739
MS Bhandage,1,4,0,0,1,1.0,25.0,1.0,0.0,3.0,75.0
MS Bisla,798,700,93,23,39,38.0,113.99999999999999,21.0,63.90977443609023,315.0,45.0
MS Dhoni,5439,3935,375,264,241,142.0,138.22109275730622,38.30281690140845,56.70159955874241,1248.0,31.715374841168998
MS Gony,99,70,6,8,15,10.0,141.42857142857144,9.9,72.72727272727273,32.0,45.714285714285715
MS Wade,183,177,23,2,14,14.0,103.38983050847457,13.071428571428571,56.830601092896174,80.0,45.19774011299435
MV Boucher,394,307,32,13,23,14.0,128.33876221498372,28.142857142857142,52.28426395939086,99.0,32.24755700325733
MW Short,177,142,21,5,9,9.0,124.64788732394365,19.666666666666668,64.40677966101694,62.0,43.66197183098591
Mandeep Singh,1706,1385,176,38,97,82.0,123.17689530685921,20.804878048780488,54.630715123094966,497.0,35.88447653429603
Mashrafe Mortaza,2,2,0,0,1,0.0,100.0,,0.0,1.0,50.0
Mayank Dagar,0,1,0,0,1,1.0,0.0,0.0,0.0,1.0,100.0
Misbah-ul-Haq,117,81,10,6,8,7.0,144.44444444444443,16.714285714285715,64.95726495726495,28.0,34.5679012345679
Mohammad Ashraful,2,10,0,0,1,1.0,20.0,2.0,0.0,7.0,70.0
Mohammad Asif,3,6,0,0,2,2.0,50.0,1.5,0.0,3.0,50.0
Mohammad Hafeez,64,83,7,2,8,7.0,77.10843373493977,9.142857142857142,62.5,46.0,55.42168674698795
Mohammad Nabi,221,151,18,12,19,17.0,146.35761589403972,13.0,65.15837104072398,49.0,32.450331125827816
Mohammed Shami,115,111,9,5,34,19.0,103.60360360360362,6.052631578947368,57.391304347826086,50.0,45.04504504504504
Mohammed Siraj,117,137,11,4,23,12.0,85.40145985401459,9.75,58.119658119658126,75.0,54.74452554744526
Mohit Rathee,1,2,0,0,1,0.0,50.0,,0.0,1.0,50.0
Mohsin Khan,25,28,2,1,7,5.0,89.28571428571429,5.0,56.00000000000001,16.0,57.14285714285714
Mujeeb Ur Rahman,12,15,2,0,6,3.0,80.0,4.0,66.66666666666666,7.0,46.666666666666664
Mukesh Choudhary,8,8,1,0,3,1.0,100.0,8.0,50.0,4.0,50.0
Mukesh Kumar,10,18,0,0,5,1.0,55.55555555555556,10.0,0.0,8.0,44.44444444444444
Musheer Khan,0,3,0,0,1,1.0,0.0,0.0,0.0,3.0,100.0
Mustafizur Rahman,13,24,0,1,7,2.0,54.166666666666664,6.5,46.15384615384615,16.0,66.66666666666666
N Burger,14,9,0,1,3,1.0,155.55555555555557,14.0,42.857142857142854,2.0,22.22222222222222
N Jagadeesan,162,147,21,2,10,9.0,110.20408163265304,18.0,59.25925925925925,64.0,43.53741496598639
N Pooran,2527,1538,169,186,100,83.0,164.3042912873862,30.44578313253012,70.91412742382272,519.0,33.74512353706112
N Rana,3078,2229,288,151,121,111.0,138.08882907133244,27.72972972972973,66.8615984405458,843.0,37.81965006729475
N Saini,140,140,16,0,10,10.0,100.0,14.0,45.714285714285715,63.0,45.0
N Sindhu,63,50,7,2,5,5.0,126.0,12.6,63.49206349206349,22.0,44.0
N Wadhera,784,558,64,43,37,33.0,140.50179211469532,23.757575757575758,65.56122448979592,203.0,36.37992831541219
ND Doshi,0,13,0,0,1,1.0,0.0,0.0,0.0,13.0,100.0
NJ Maddinson,20,21,4,0,3,3.0,95.23809523809523,6.666666666666667,80.0,15.0,71.42857142857143
NJ Rimmington,1,1,0,0,1,0.0,100.0,,0.0,0.0,0.0
NK Patel,121,119,14,1,6,4.0,101.68067226890756,30.25,51.2396694214876,54.0,45.378151260504204
NL McCullum,26,22,0,1,2,1.0,118.18181818181819,26.0,23.076923076923077,6.0,27.27272727272727
NLTC Perera,424,306,23,26,30,22.0,138.56209150326796,19.272727272727273,58.490566037735846,104.0,33.98692810457516
NM Coulter-Nile,82,72,7,4,16,11.0,113.88888888888889,7.454545454545454,63.41463414634146,35.0,48.61111111111111
NS Naik,31,50,2,0,4,4.0,62.0,7.75,25.806451612903224,27.0,54.0
NT Ellis,19,25,0,1,5,4.0,76.0,4.75,31.57894736842105,13.0,52.0
NV Ojha,1554,1308,121,79,94,75.0,118.80733944954129,20.72,61.64736164736164,581.0,44.41896024464832
Naman Dhir,710,432,68,36,33,26.0,164.35185185185185,27.307692307692307,68.73239436619718,123.0,28.47222222222222
Navdeep Saini,33,37,3,0,7,4.0,89.1891891891892,8.25,36.36363636363637,15.0,40.54054054054054
Naveen-ul-Haq,18,24,2,0,4,1.0,75.0,18.0,44.44444444444444,11.0,45.83333333333333
Nithish Kumar Reddy,787,540,50,46,35,27.0,145.74074074074076,29.14814814814815,60.482846251588306,171.0,31.666666666666664
Noor Ahmad,31,58,2,1,15,11.0,53.44827586206896,2.8181818181818183,45.16129032258064,40.0,68.96551724137932
OA Shah,506,388,34,23,22,15.0,130.41237113402062,33.733333333333334,54.1501976284585,121.0,31.185567010309278
OC McCoy,8,5,0,1,1,1.0,160.0,8.0,75.0,2.0,40.0
OF Smith,51,44,1,5,6,3.0,115.90909090909092,17.0,66.66666666666666,23.0,52.27272727272727
P Awana,5,14,0,0,5,2.0,35.714285714285715,2.5,0.0,9.0,64.28571428571429
P Chopra,8,6,2,0,1,1.0,133.33333333333331,8.0,100.0,4.0,66.66666666666666
P Dogra,127,138,4,5,12,11.0,92.02898550724638,11.545454545454545,36.22047244094488,59.0,42.7536231884058
P Dubey,23,33,2,0,2,1.0,69.6969696969697,23.0,34.78260869565217,16.0,48.484848484848484
P Kumar,340,312,22,17,57,38.0,108.97435897435896,8.947368421052632,55.88235294117647,141.0,45.19230769230769
P Negi,365,288,27,16,35,26.0,126.73611111111111,14.038461538461538,55.89041095890411,104.0,36.11111111111111
P Nissanka,278,173,33,12,10,10.0,160.6936416184971,27.8,73.38129496402878,64.0,36.99421965317919
P Parameswaran,1,2,0,0,2,0.0,50.0,,0.0,1.0,50.0
P Ray Barman,19,24,2,0,1,1.0,79.16666666666666,19.0,42.10526315789473,11.0,45.83333333333333
P Sahu,19,13,1,1,2,1.0,146.15384615384613,19.0,52.63157894736842,4.0,30.76923076923077
P Simran Singh,1865,1184,196,94,65,63.0,157.51689189189187,29.603174603174605,72.27882037533512,432.0,36.486486486486484
PA Patel,2848,2350,365,49,136,126.0,121.19148936170212,22.603174603174605,61.58707865168539,928.0,39.48936170212766
PA Reddy,164,160,15,2,10,10.0,102.49999999999999,16.4,43.90243902439025,65.0,40.625
PBB Rajapaksa,277,190,22,15,13,12.0,145.78947368421055,23.083333333333332,64.25992779783394,64.0,33.68421052631579
PC Valthaty,505,414,61,20,23,22.0,121.98067632850243,22.954545454545453,72.07920792079207,209.0,50.48309178743962
PD Collingwood,203,156,9,13,7,5.0,130.12820512820514,40.6,56.15763546798029,54.0,34.61538461538461
PD Salt,1258,715,138,67,40,37.0,175.94405594405595,34.0,75.83465818759937,237.0,33.14685314685315
PHKD Mendis,92,68,7,2,5,3.0,135.29411764705884,30.666666666666668,43.47826086956522,20.0,29.411764705882355
PJ Cummins,642,419,40,44,51,33.0,153.2219570405728,19.454545454545453,66.04361370716511,150.0,35.79952267303103
PJ Sangwan,26,44,1,0,14,8.0,59.09090909090909,3.25,15.384615384615385,23.0,52.27272727272727
PK Garg,273,238,16,9,19,18.0,114.70588235294117,15.166666666666666,43.223443223443226,83.0,34.87394957983193
PM Sarvesh Kumar,1,2,0,0,1,0.0,50.0,,0.0,1.0,50.0
PN Mankad,97,72,13,2,5,3.0,134.72222222222223,32.333333333333336,65.97938144329896,28.0,38.88888888888889
PP Chawla,624,561,56,20,86,56.0,111.22994652406418,11.142857142857142,55.12820512820513,226.0,40.28520499108734
PP Hinge,3,9,0,0,2,1.0,33.33333333333333,3.0,0.0,6.0,66.66666666666666
PP Ojha,16,44,0,0,19,12.0,36.36363636363637,1.3333333333333333,0.0,25.0,56.81818181818182
PP Shaw,1892,1280,238,61,79,79.0,147.8125,23.949367088607595,69.66173361522199,470.0,36.71875
PR Shah,92,90,9,2,9,8.0,102.22222222222221,11.5,52.17391304347826,39.0,43.333333333333336
PR Veer,90,67,10,3,5,2.0,134.32835820895522,45.0,64.44444444444444,23.0,34.32835820895522
PSP Handscomb,6,12,0,0,1,1.0,50.0,6.0,0.0,6.0,50.0
PV Tambe,18,38,1,0,6,2.0,47.368421052631575,9.0,22.22222222222222,22.0,57.89473684210527
PVD Chameera,53,45,3,3,11,4.0,117.77777777777779,13.25,56.60377358490566,17.0,37.77777777777778
PVSN Raju,1,1,0,0,1,0.0,100.0,,0.0,0.0,0.0
PWA Mulder,9,11,1,0,1,1.0,81.81818181818183,9.0,44.44444444444444,5.0,45.45454545454545
PWH de Silva,81,88,7,1,19,15.0,92.04545454545455,5.4,41.9753086419753,41.0,46.590909090909086
Pankaj Singh,7,12,0,0,5,2.0,58.333333333333336,3.5,0.0,6.0,50.0
Parvez Rasool,17,20,1,0,4,2.0,85.0,8.5,23.52941176470588,6.0,30.0
Prince Yadav,5,11,0,0,3,0.0,45.45454545454545,,0.0,5.0,45.45454545454545
Priyansh Arya,909,469,87,63,31,31.0,193.81663113006397,29.322580645161292,79.86798679867987,156.0,33.26226012793177
Q de Kock,3444,2546,334,143,118,111.0,135.27101335428122,31.027027027027028,63.70499419279907,937.0,36.80282796543598
R Ashwin,833,704,64,29,93,64.0,118.32386363636364,13.015625,51.62064825930373,240.0,34.090909090909086
R Bhatia,342,284,24,13,47,30.0,120.4225352112676,11.4,50.877192982456144,97.0,34.154929577464785
R Bishnoi,19,17,1,2,3,3.0,111.76470588235294,6.333333333333333,84.21052631578947,11.0,64.70588235294117
R Dhawan,210,187,18,7,22,11.0,112.29946524064172,19.09090909090909,54.285714285714285,81.0,43.31550802139038
R Dravid,2174,1878,269,28,82,77.0,115.76144834930777,28.233766233766232,57.22171113155474,746.0,39.72310969116081
R McLaren,159,171,14,1,13,8.0,92.98245614035088,19.875,38.9937106918239,65.0,38.01169590643275
R Minz,12,19,1,0,4,3.0,63.1578947368421,4.0,33.33333333333333,11.0,57.89473684210527
R Ninan,3,5,0,0,1,1.0,60.0,3.0,0.0,2.0,40.0
R Parag,1879,1296,136,108,86,74.0,144.98456790123458,25.39189189189189,63.43799893560404,436.0,33.641975308641975
R Powell,555,389,38,38,30,25.0,142.67352185089973,22.2,68.46846846846847,151.0,38.81748071979435
R Rampaul,51,49,3,2,7,5.0,104.08163265306123,10.2,47.05882352941176,22.0,44.89795918367347
R Ravindra,413,284,40,16,18,17.0,145.4225352112676,24.294117647058822,61.98547215496368,92.0,32.3943661971831
R Sai Kishore,18,16,0,2,4,4.0,112.5,4.5,66.66666666666666,7.0,43.75
R Sanjay Yadav,0,2,0,0,1,1.0,0.0,0.0,0.0,2.0,100.0
R Sathish,270,230,22,6,24,17.0,117.3913043478261,15.882352941176471,45.925925925925924,79.0,34.34782608695652
R Sharma,66,75,5,3,19,14.0,88.0,4.714285714285714,57.57575757575758,43.0,57.333333333333336
R Shepherd,268,150,18,22,19,11.0,178.66666666666666,24.363636363636363,76.11940298507463,49.0,32.666666666666664
R Shukla,19,23,2,0,4,1.0,82.6086956521739,19.0,42.10526315789473,10.0,43.47826086956522
R Smaran,19,25,3,0,4,3.0,76.0,6.333333333333333,63.1578947368421,15.0,60.0
R Tewatia,1302,938,110,62,91,55.0,138.80597014925374,23.672727272727272,62.365591397849464,313.0,33.368869936034116
R Vinay Kumar,310,274,21,9,42,28.0,113.13868613138686,11.071428571428571,44.516129032258064,96.0,35.03649635036496
RA Bawa,35,32,2,0,4,3.0,109.375,11.666666666666666,22.857142857142858,13.0,40.625
RA Jadeja,3526,2685,264,122,205,121.0,131.3221601489758,29.140495867768596,50.70901871809416,789.0,29.385474860335197
RA Tripathi,2291,1655,229,85,98,87.0,138.42900302114805,26.333333333333332,62.243561763422086,575.0,34.74320241691843
RD Chahar,129,124,13,5,22,16.0,104.03225806451613,8.0625,63.565891472868216,67.0,54.03225806451613
RD Gaikwad,2839,2083,260,107,84,74.0,136.29380700912145,38.36486486486486,59.24621345544205,709.0,34.03744599135862
RD Rickelton,836,495,78,55,26,24.0,168.88888888888889,34.833333333333336,76.79425837320574,185.0,37.37373737373738
RE Levi,83,73,10,4,6,6.0,113.69863013698631,13.833333333333334,77.10843373493977,36.0,49.31506849315068
RE van der Merwe,159,141,11,8,15,11.0,112.7659574468085,14.454545454545455,57.861635220125784,61.0,43.262411347517734
RG More,2,2,0,0,1,0.0,100.0,,0.0,0.0,0.0
RG Sharma,7331,5497,661,324,275,245.0,133.36365290158267,29.922448979591838,62.58354931114446,2022.0,36.78370020010915
RJ Gleeson,2,2,0,0,1,0.0,100.0,,0.0,0.0,0.0
RJ Harris,117,111,6,3,21,12.0,105.40540540540539,9.75,35.8974358974359,45.0,40.54054054054054
RJ Peterson,32,30,3,1,5,3.0,106.66666666666667,10.666666666666666,56.25,11.0,36.666666666666664
RJ Quiney,103,102,12,3,7,7.0,100.98039215686273,14.714285714285714,64.07766990291263,49.0,48.03921568627451
RJW Topley,3,6,0,0,1,0.0,50.0,,0.0,3.0,50.0
RK Bhui,10,26,0,0,4,4.0,38.46153846153847,2.5,0.0,18.0,69.23076923076923
RK Singh,1398,948,115,67,62,41.0,147.46835443037975,34.09756097560975,61.659513590844064,300.0,31.645569620253166
RM Patidar,1612,978,106,110,52,48.0,164.82617586912065,33.583333333333336,67.24565756823822,271.0,27.709611451942738
RN ten Doeschate,326,235,26,15,21,14.0,138.72340425531914,23.285714285714285,59.50920245398773,71.0,30.21276595744681
RP Meredith,0,3,0,0,2,0.0,0.0,,0.0,3.0,100.0
RP Singh,52,76,2,1,28,15.0,68.42105263157895,3.466666666666667,26.923076923076923,34.0,44.73684210526316
RR Bhatkal,0,2,0,0,1,1.0,0.0,0.0,0.0,2.0,100.0
RR Pant,3879,2635,351,181,136,115.0,147.21062618595826,33.7304347826087,64.19180201082753,864.0,32.789373814041745
RR Powar,67,64,6,1,9,3.0,104.6875,22.333333333333332,44.776119402985074,26.0,40.625
RR Raje,20,18,1,1,5,1.0,111.11111111111111,20.0,50.0,6.0,33.33333333333333
RR Rossouw,473,306,45,25,22,20.0,154.5751633986928,23.65,69.76744186046511,113.0,36.9281045751634
RR Sarwan,73,75,6,1,4,4.0,97.33333333333334,18.25,41.0958904109589,30.0,40.0
RS Bopara,531,453,39,16,22,18.0,117.21854304635761,29.5,47.45762711864407,153.0,33.77483443708609
RS Gavaskar,2,8,0,0,1,1.0,25.0,2.0,0.0,6.0,75.0
RS Sodhi,4,2,1,0,1,0.0,200.0,,100.0,1.0,50.0
RT Ponting,91,128,5,2,9,9.0,71.09375,10.11111111111111,35.16483516483517,63.0,49.21875
RV Gomez,50,51,5,1,9,5.0,98.0392156862745,10.0,52.0,22.0,43.13725490196079
RV Patel,80,73,6,2,7,5.0,109.58904109589041,16.0,45.0,25.0,34.24657534246575
RV Uthappa,4954,3784,481,182,197,180.0,130.91966173361521,27.522222222222222,60.88009689140089,1388.0,36.680761099365746
Rahmanullah Gurbaz,363,268,34,22,18,17.0,135.44776119402985,21.352941176470587,73.82920110192838,125.0,46.64179104477612
Ramandeep Singh,299,203,17,19,26,16.0,147.29064039408868,18.6875,60.86956521739131,63.0,31.03448275862069
Rashid Khan,635,400,45,43,72,46.0,158.75,13.804347826086957,68.97637795275591,149.0,37.25
Rasikh Salam,43,42,5,0,7,5.0,102.38095238095238,8.6,46.51162790697674,18.0,42.857142857142854
Ravi Bishnoi,45,69,2,2,18,12.0,65.21739130434783,3.75,44.44444444444444,43.0,62.31884057971014
Ravi Singh,4,2,1,0,1,1.0,200.0,4.0,100.0,1.0,50.0
S Anirudha,136,112,9,7,12,8.0,121.42857142857142,17.0,57.35294117647059,41.0,36.607142857142854
S Aravind,59,57,7,0,10,4.0,103.50877192982458,14.75,47.45762711864407,21.0,36.84210526315789
S Arora,121,77,9,9,10,6.0,157.14285714285714,20.166666666666668,74.3801652892562,28.0,36.36363636363637
S Badree,13,23,0,0,5,5.0,56.52173913043478,2.6,0.0,12.0,52.17391304347826
S Badrinath,1441,1208,154,28,65,47.0,119.28807947019868,30.659574468085108,54.406662040249834,431.0,35.67880794701987
S Chanderpaul,25,31,4,0,3,3.0,80.64516129032258,8.333333333333334,64.0,18.0,58.06451612903226
S Dhawan,6769,5304,768,153,221,192.0,127.6206636500754,35.255208333333336,58.94519131334023,1879.0,35.42609351432881
S Dube,2129,1460,132,137,87,68.0,145.82191780821918,31.308823529411764,63.41005166744951,482.0,33.013698630136986
S Gopal,180,169,19,2,22,14.0,106.50887573964498,12.857142857142858,48.888888888888886,65.0,38.46153846153847
S Kaul,20,36,1,0,9,4.0,55.55555555555556,5.0,20.0,23.0,63.888888888888886
S Kaushik,0,1,0,0,1,1.0,0.0,0.0,0.0,1.0,100.0
S Ladda,0,9,0,0,2,1.0,0.0,0.0,0.0,9.0,100.0
S Lamichhane,0,1,0,0,1,1.0,0.0,0.0,0.0,1.0,100.0
S Nadeem,39,87,2,0,20,14.0,44.827586206896555,2.7857142857142856,20.51282051282051,55.0,63.2183908045977
S Narwal,37,27,6,0,4,3.0,137.03703703703704,12.333333333333334,64.86486486486487,10.0,37.03703703703704
S Rana,91,79,9,1,8,4.0,115.18987341772151,22.75,46.15384615384615,30.0,37.9746835443038
S Randiv,2,4,0,0,1,1.0,50.0,2.0,0.0,3.0,75.0
S Sohal,368,289,34,18,20,20.0,127.33564013840831,18.4,66.30434782608695,130.0,44.982698961937714
S Sreesanth,34,55,6,0,12,4.0,61.81818181818181,8.5,70.58823529411765,36.0,65.45454545454545
S Sriram,31,36,3,0,2,2.0,86.11111111111111,15.5,38.70967741935484,15.0,41.66666666666667
S Tyagi,3,4,0,0,1,1.0,75.0,3.0,0.0,1.0,25.0
S Vidyut,145,109,21,3,8,8.0,133.0275229357798,18.125,70.34482758620689,48.0,44.03669724770643
SA Abbott,22,18,1,2,3,3.0,122.22222222222223,7.333333333333333,72.72727272727273,9.0,50.0
SA Asnodkar,423,337,56,10,19,20.0,125.51928783382789,21.15,67.13947990543736,139.0,41.246290801186944
SA Yadav,4581,3072,482,178,164,137.0,149.12109375,33.43795620437956,65.40056756166776,1000.0,32.55208333333333
SB Bangar,49,58,1,3,7,7.0,84.48275862068965,7.0,44.89795918367347,25.0,43.103448275862064
SB Dubey,220,142,17,13,17,10.0,154.92957746478874,22.0,66.36363636363637,44.0,30.985915492957744
SB Jakati,28,29,3,0,5,1.0,96.55172413793103,28.0,42.857142857142854,11.0,37.93103448275862
SB Joshi,6,14,0,0,2,2.0,42.857142857142854,3.0,0.0,8.0,57.14285714285714
SB Styris,131,132,10,3,10,7.0,99.24242424242425,18.714285714285715,44.274809160305345,48.0,36.36363636363637
SB Wagh,2,3,0,0,2,2.0,66.66666666666666,1.0,0.0,2.0,66.66666666666666
SC Ganguly,1349,1257,137,42,56,53.0,107.31901352426412,25.452830188679247,59.30318754633062,567.0,45.10739856801909
SD Chitnis,99,88,10,2,8,7.0,112.5,14.142857142857142,52.52525252525253,34.0,38.63636363636363
SD Hope,183,122,12,12,9,8.0,150.0,22.875,65.57377049180327,45.0,36.885245901639344
SD Lad,15,13,1,1,1,1.0,115.38461538461537,15.0,66.66666666666666,8.0,61.53846153846154
SE Bond,1,2,0,0,1,1.0,50.0,1.0,0.0,1.0,50.0
SE Marsh,2489,1866,269,78,69,63.0,133.38692390139335,39.507936507936506,62.03294495781439,647.0,34.67309753483387
SE Rutherford,520,362,30,38,27,21.0,143.646408839779,24.761904761904763,66.92307692307692,132.0,36.46408839779006
SH Johnson,8,12,1,0,6,1.0,66.66666666666666,8.0,50.0,6.0,50.0
SJ Srivastava,5,5,0,0,4,1.0,100.0,5.0,0.0,1.0,20.0
SK Raina,5536,4025,506,204,200,171.0,137.54037267080744,32.37426900584796,58.67052023121387,1276.0,31.70186335403727
SK Rasheed,71,63,9,2,5,5.0,112.6984126984127,14.2,67.6056338028169,33.0,52.38095238095239
SK Trivedi,42,58,3,1,14,7.0,72.41379310344827,6.0,42.857142857142854,34.0,58.620689655172406
SK Warne,198,213,14,6,27,20.0,92.95774647887323,9.9,46.464646464646464,95.0,44.60093896713615
SL Malinga,88,99,6,5,20,16.0,88.88888888888889,5.5,61.36363636363637,52.0,52.52525252525253
SM Curran,997,725,85,41,53,40.0,137.51724137931035,24.925,58.77632898696088,244.0,33.6551724137931
SM Harwood,9,13,0,0,2,0.0,69.23076923076923,,0.0,4.0,30.76923076923077
SM Katich,241,185,26,8,11,10.0,130.27027027027026,24.1,63.07053941908713,73.0,39.45945945945946
SM Pollock,147,111,12,8,8,8.0,132.43243243243242,18.375,65.3061224489796,40.0,36.03603603603604
SMSM Senanayake,10,16,0,0,4,1.0,62.5,10.0,0.0,7.0,43.75
SN Khan,746,538,86,20,43,33.0,138.66171003717471,22.606060606060606,62.19839142091153,180.0,33.457249070631974
SN Thakur,349,262,32,13,43,30.0,133.206106870229,11.633333333333333,59.02578796561605,92.0,35.11450381679389
SO Hetmyer,1566,1044,99,96,85,57.0,150.0,27.473684210526315,62.06896551724138,332.0,31.800766283524908
SP Fleming,196,162,27,3,10,9.0,120.98765432098766,21.77777777777778,64.28571428571429,74.0,45.67901234567901
SP Goswami,293,293,32,3,21,20.0,100.0,14.65,49.829351535836174,129.0,44.027303754266214
SP Jackson,61,57,5,1,8,6.0,107.01754385964912,10.166666666666666,42.62295081967213,20.0,35.08771929824561
SP Narine,1820,1100,191,120,122,104.0,165.45454545454547,17.5,81.53846153846153,456.0,41.45454545454545
SPD Smith,2495,1931,226,60,93,72.0,129.20766442257897,34.65277777777778,50.66132264529058,577.0,29.880890730191613
SR Dubey,4,2,1,0,1,0.0,200.0,,100.0,1.0,50.0
SR Tendulkar,2334,1941,296,29,78,67.0,120.24729520865533,34.83582089552239,58.183376178234795,725.0,37.35188047398248
SR Watson,3880,2801,377,190,141,126.0,138.5219564441271,30.793650793650794,68.24742268041237,1129.0,40.307033202427704
SS Cottrell,0,2,0,0,1,1.0,0.0,0.0,0.0,2.0,100.0
SS Iyer,4233,3085,354,182,144,119.0,137.21231766612644,35.57142857142857,59.2487597448618,999.0,32.38249594813614
SS Mishra,1,3,0,0,1,0.0,33.33333333333333,,0.0,2.0,66.66666666666666
SS Prabhudessai,126,105,11,4,10,10.0,120.0,12.6,53.96825396825397,45.0,42.857142857142854
SS Shaikh,6,7,1,0,1,1.0,85.71428571428571,6.0,66.66666666666666,4.0,57.14285714285714
SS Tiwary,1494,1235,111,50,73,52.0,120.97165991902834,28.73076923076923,49.79919678714859,413.0,33.441295546558706
ST Jayasuriya,768,529,84,39,30,28.0,145.179584120983,27.428571428571427,74.21875,236.0,44.61247637051039
STR Binny,880,682,66,35,66,46.0,129.03225806451613,19.130434782608695,53.86363636363637,239.0,35.043988269794724
SU Parakh,46,33,5,2,4,4.0,139.3939393939394,11.5,69.56521739130434,14.0,42.42424242424242
SV Samson,5181,3653,432,243,185,163.0,141.8286339994525,31.78527607361963,61.493920092646206,1215.0,33.260333972077746
SW Billings,503,385,40,20,27,26.0,130.64935064935065,19.346153846153847,55.666003976143145,129.0,33.506493506493506
SW Tait,23,26,1,1,5,3.0,88.46153846153845,7.666666666666667,43.47826086956522,11.0,42.30769230769231
SZ Mulani,1,1,0,0,1,0.0,100.0,,0.0,0.0,0.0
Sachin Baby,144,115,11,5,11,9.0,125.21739130434784,16.0,51.388888888888886,43.0,37.391304347826086
Sakib Hussain,5,7,1,0,1,0.0,71.42857142857143,,80.0,5.0,71.42857142857143
Salil Arora,35,21,2,2,1,1.0,166.66666666666669,35.0,57.14285714285714,5.0,23.809523809523807
Salman Butt,193,160,30,2,7,7.0,120.625,27.571428571428573,68.39378238341969,70.0,43.75
Sameer Rizvi,424,293,30,26,18,14.0,144.7098976109215,30.285714285714285,65.09433962264151,104.0,35.49488054607509
Sandeep Sharma,60,74,4,0,26,6.0,81.08108108108108,10.0,26.666666666666668,28.0,37.83783783783784
Sanvir Singh,25,21,2,1,5,2.0,119.04761904761905,12.5,56.00000000000001,7.0,33.33333333333333
Saurav Chauhan,18,15,1,1,3,3.0,120.0,6.0,55.55555555555556,6.0,40.0
Sediqullah Atal,22,16,0,2,1,1.0,137.5,22.0,54.54545454545454,5.0,31.25
Shahbaz Ahmed,603,487,33,28,40,29.0,123.81930184804928,20.79310344827586,49.75124378109453,157.0,32.238193018480494
Shahid Afridi,81,46,7,6,9,8.0,176.08695652173913,10.125,79.01234567901234,19.0,41.30434782608695
Shakib Al Hasan,795,635,73,21,52,41.0,125.19685039370079,19.390243902439025,52.57861635220126,201.0,31.65354330708661
Shashank Singh,905,560,67,51,42,25.0,161.60714285714286,36.2,63.425414364640886,142.0,25.357142857142854
Shivam Mavi,51,56,4,2,11,9.0,91.07142857142857,5.666666666666667,54.90196078431373,29.0,51.78571428571429
Shivam Sharma,5,3,1,0,2,1.0,166.66666666666669,5.0,80.0,1.0,33.33333333333333
Shivam Singh,2,3,0,0,1,0.0,66.66666666666666,,0.0,1.0,33.33333333333333
Shivang Kumar,53,45,6,1,6,6.0,117.77777777777779,8.833333333333334,56.60377358490566,19.0,42.22222222222222
Shoaib Ahmed,1,6,0,0,3,2.0,16.666666666666664,0.5,0.0,5.0,83.33333333333334
Shoaib Akhtar,2,7,0,0,1,1.0,28.57142857142857,2.0,0.0,5.0,71.42857142857143
Shoaib Malik,52,46,5,0,5,4.0,113.04347826086956,13.0,38.46153846153847,13.0,28.26086956521739
Shubman Gill,4598,3223,446,152,130,114.0,142.66211604095562,40.333333333333336,58.63418877772945,982.0,30.468507601613403
Sikandar Raza,182,136,12,8,9,7.0,133.8235294117647,26.0,52.74725274725275,50.0,36.76470588235294
Simarjeet Singh,10,15,0,0,6,3.0,66.66666666666666,3.3333333333333335,0.0,7.0,46.666666666666664
Sohail Tanvir,36,28,3,1,5,3.0,128.57142857142858,12.0,50.0,9.0,32.142857142857146
Sumit Kumar,18,24,2,1,3,2.0,75.0,9.0,77.77777777777779,14.0,58.333333333333336
Sunny Gupta,0,1,0,0,1,1.0,0.0,0.0,0.0,1.0,100.0
Sunny Singh,43,31,6,1,5,4.0,138.70967741935485,10.75,69.76744186046511,11.0,35.483870967741936
Suryansh Shedge,165,101,9,12,10,7.0,163.36633663366337,23.571428571428573,65.45454545454545,29.0,28.71287128712871
Swapnil Singh,51,45,3,3,9,5.0,113.33333333333333,10.2,58.82352941176471,19.0,42.22222222222222
T Banton,18,20,1,1,2,2.0,90.0,9.0,55.55555555555556,11.0,55.00000000000001
T Dahiya,12,15,2,0,2,2.0,80.0,6.0,66.66666666666666,9.0,60.0
T Henderson,11,15,0,1,2,2.0,73.33333333333333,5.5,54.54545454545454,10.0,66.66666666666666
T Kohler-Cadmore,48,54,7,1,3,3.0,88.88888888888889,16.0,70.83333333333334,32.0,59.25925925925925
T Kohli,11,19,0,1,3,3.0,57.89473684210527,3.6666666666666665,54.54545454545454,13.0,68.42105263157895
T Natarajan,4,7,0,0,3,0.0,57.14285714285714,,0.0,3.0,42.857142857142854
T Shamsi,2,4,0,0,1,0.0,50.0,,0.0,2.0,50.0
T Stubbs,986,648,69,47,43,25.0,152.1604938271605,39.44,56.5922920892495,155.0,23.919753086419753
T Taibu,31,26,3,0,3,3.0,119.23076923076923,10.333333333333334,38.70967741935484,9.0,34.61538461538461
T Thushara,12,18,0,0,4,2.0,66.66666666666666,6.0,0.0,9.0,50.0
TA Boult,93,85,5,4,26,10.0,109.41176470588236,9.3,47.31182795698925,36.0,42.35294117647059
TD Paine,10,26,0,0,2,2.0,38.46153846153847,5.0,0.0,14.0,53.84615384615385
TG Southee,120,106,8,4,19,13.0,113.20754716981132,9.23076923076923,46.666666666666664,45.0,42.45283018867924
TH David,1151,643,76,83,59,35.0,179.00466562986003,32.885714285714286,69.67854039965248,184.0,28.615863141524105
TK Curran,127,107,10,3,10,5.0,118.69158878504673,25.4,45.66929133858268,34.0,31.775700934579437
TL Seifert,45,41,6,1,6,6.0,109.75609756097562,7.5,66.66666666666666,21.0,51.21951219512195
TL Suman,676,573,55,26,39,32.0,117.97556719022688,21.125,55.62130177514793,230.0,40.139616055846425
TM Dilshan,1153,1001,140,24,50,43.0,115.18481518481518,26.813953488372093,61.05810928013877,421.0,42.05794205794206
TM Head,1556,907,172,78,52,48.0,171.55457552370453,32.416666666666664,74.293059125964,300.0,33.0760749724366
TM Srivastava,8,11,0,0,3,1.0,72.72727272727273,8.0,0.0,5.0,45.45454545454545
TR Birt,75,57,9,2,5,5.0,131.57894736842107,15.0,64.0,24.0,42.10526315789473
TS Mills,8,14,0,1,5,4.0,57.14285714285714,2.0,75.0,10.0,71.42857142857143
TU Deshpande,54,36,2,4,10,4.0,150.0,13.5,59.25925925925925,10.0,27.77777777777778
Tanush Kotian,24,31,3,0,1,1.0,77.41935483870968,24.0,50.0,17.0,54.83870967741935
Tilak Varma,1858,1278,143,91,65,52.0,145.3834115805947,35.73076923076923,60.17222820236814,381.0,29.812206572769952
U Kaul,0,1,0,0,1,0.0,0.0,,0.0,1.0,100.0
UA Birla,7,14,1,0,1,1.0,50.0,7.0,57.14285714285714,10.0,71.42857142857143
UBT Chand,300,299,32,9,20,20.0,100.33444816053512,15.0,60.66666666666667,148.0,49.49832775919732
UT Khawaja,127,99,14,3,6,6.0,128.2828282828283,21.166666666666668,58.26771653543307,36.0,36.36363636363637
UT Yadav,208,201,16,9,48,21.0,103.48258706467661,9.904761904761905,56.730769230769226,93.0,46.26865671641791
Umar Gul,39,19,1,5,4,3.0,205.26315789473685,13.0,87.17948717948718,6.0,31.57894736842105
Umran Malik,23,15,1,2,5,2.0,153.33333333333334,11.5,69.56521739130434,7.0,46.666666666666664
Urvil Patel,197,96,11,20,10,10.0,205.20833333333334,19.7,83.24873096446701,38.0,39.58333333333333
V Kohli,9346,6911,847,317,275,231.0,135.2336854290262,40.45887445887446,56.60175476139525,2180.0,31.543915497033716
V Nigam,157,88,18,8,10,8.0,178.4090909090909,19.625,76.43312101910828,26.0,29.545454545454547
V Pratap Singh,0,1,0,0,1,1.0,0.0,0.0,0.0,1.0,100.0
V Sehwag,2728,1740,334,106,104,99.0,156.7816091954023,27.555555555555557,72.28739002932552,601.0,34.54022988505747
V Shankar,1233,947,88,48,63,47.0,130.20063357972543,26.23404255319149,51.9059205190592,287.0,30.30623020063358
V Suryavanshi,1028,447,81,96,23,23.0,229.97762863534678,44.69565217391305,87.54863813229572,151.0,33.78076062639821
V Viyaskanth,7,5,0,0,1,0.0,140.0,,0.0,0.0,0.0
VG Arora,10,27,0,0,11,4.0,37.03703703703704,2.5,0.0,17.0,62.96296296296296
VH Zol,29,26,3,1,2,2.0,111.53846153846155,14.5,62.06896551724138,13.0,50.0
VR Aaron,50,71,2,2,12,5.0,70.4225352112676,10.0,40.0,42.0,59.154929577464785
VR Iyer,1677,1180,157,78,62,53.0,142.11864406779662,31.641509433962263,65.35480023852116,426.0,36.10169491525424
VRV Singh,4,3,1,0,2,2.0,133.33333333333331,2.0,100.0,1.0,33.33333333333333
VS Malik,7,7,1,0,2,1.0,100.0,7.0,57.14285714285714,2.0,28.57142857142857
VS Yeligati,2,2,0,0,1,1.0,100.0,2.0,0.0,1.0,50.0
VVS Laxman,282,266,33,5,20,18.0,106.01503759398496,15.666666666666666,57.446808510638306,113.0,42.4812030075188
VY Mahesh,15,27,0,0,5,2.0,55.55555555555556,7.5,0.0,13.0,48.148148148148145
Vijaykumar Vyshak,16,16,0,1,6,2.0,100.0,8.0,37.5,6.0,37.5
Virat Singh,15,26,1,0,2,2.0,57.692307692307686,7.5,26.666666666666668,13.0,50.0
Vishnu Vinod,71,64,4,4,7,6.0,110.9375,11.833333333333334,56.33802816901409,27.0,42.1875
Vivrant Sharma,69,47,9,2,1,1.0,146.80851063829786,69.0,69.56521739130434,14.0,29.78723404255319
W Jaffer,130,121,14,3,8,8.0,107.43801652892562,16.25,56.92307692307692,55.0,45.45454545454545
WA Mota,56,75,2,0,8,6.0,74.66666666666667,9.333333333333334,14.285714285714285,27.0,36.0
WD Parnell,65,80,4,1,13,10.0,81.25,6.5,33.84615384615385,34.0,42.5
WG Jacks,602,377,50,38,26,22.0,159.6816976127321,27.363636363636363,71.09634551495017,127.0,33.687002652519894
WP Saha,2934,2296,296,87,143,121.0,127.78745644599303,24.24793388429752,58.14587593728698,812.0,35.36585365853659
WPUJC Vaas,81,72,2,3,11,8.0,112.5,10.125,32.098765432098766,22.0,30.555555555555557
Washington Sundar,888,653,82,28,59,43.0,135.98774885145482,20.651162790697676,55.85585585585585,200.0,30.627871362940272
X Thalaivan Sargunam,10,17,0,0,1,1.0,58.82352941176471,10.0,0.0,9.0,52.94117647058824
XC Bartlett,40,28,3,2,4,2.0,142.85714285714286,20.0,60.0,8.0,28.57142857142857
Y Gnaneswara Rao,19,17,3,0,1,1.0,111.76470588235294,19.0,63.1578947368421,8.0,47.05882352941176
Y Nagar,285,259,20,9,20,14.0,110.03861003861005,20.357142857142858,47.01754385964912,91.0,35.13513513513514
Y Prithvi Raj,0,1,0,0,1,0.0,0.0,,0.0,1.0,100.0
Y Venugopal Rao,985,832,77,37,52,44.0,118.38942307692308,22.386363636363637,53.80710659898477,304.0,36.53846153846153
YA Abdulla,0,1,0,0,1,0.0,0.0,,0.0,0.0,0.0
YBK Jaiswal,2593,1692,311,110,82,78.0,153.25059101654844,33.243589743589745,73.42846124180485,643.0,38.002364066193856
YK Pathan,3222,2233,263,161,153,110.0,144.29019256605466,29.29090909090909,62.63190564866542,744.0,33.31840573219883
YS Chahal,37,86,0,0,17,7.0,43.02325581395349,5.285714285714286,0.0,52.0,60.46511627906976
YV Dhull,16,23,1,0,3,3.0,69.56521739130434,5.333333333333333,25.0,10.0,43.47826086956522
YV Takawale,192,177,26,3,10,8.0,108.47457627118644,24.0,63.541666666666664,89.0,50.282485875706215
Yash Dayal,4,9,0,0,4,3.0,44.44444444444444,1.3333333333333333,0.0,6.0,66.66666666666666
Yashpal Singh,47,65,5,0,4,4.0,72.3076923076923,11.75,42.5531914893617,37.0,56.92307692307692
Younis Khan,3,7,0,0,1,1.0,42.857142857142854,3.0,0.0,4.0,57.14285714285714
Yudhvir Singh,22,16,1,2,4,4.0,137.5,5.5,72.72727272727273,8.0,50.0
Yuvraj Singh,2754,2115,218,149,126,111.0,130.2127659574468,24.81081081081081,64.12490922294843,864.0,40.85106382978723
Z Khan,117,140,11,2,27,14.0,83.57142857142857,8.357142857142858,47.863247863247864,71.0,50.71428571428571
