player,balls,runs_conceded,wickets,matches,dot_balls,overs,economy,bowling_average,strike_rate,dot_ball_pct
A Ashish Reddy,262,396,18,20,79,43.666666666666664,9.068702290076336,22.0,14.555555555555555,30.15267175572519
A Badoni,25,36,2,5,5,4.166666666666667,8.639999999999999,18.0,12.5,20.0
A Chandila,234,242,11,12,103,39.0,6.205128205128205,22.0,21.272727272727273,44.01709401709402
A Choudhary,101,144,5,5,42,16.833333333333332,8.554455445544555,28.8,20.2,41.584158415841586
A Dananjaya,24,47,0,1,6,4.0,11.75,,,25.0
A Flintoff,66,105,2,3,20,11.0,9.545454545454545,52.5,33.0,30.303030303030305
A Kamboj,60,114,2,3,19,10.0,11.4,57.0,30.0,31.666666666666664
A Kumble,965,1058,45,42,374,160.83333333333334,6.578238341968912,23.511111111111113,21.444444444444443,38.75647668393783
A Mishra,3371,4145,174,162,1185,561.8333333333334,7.377632749925837,23.82183908045977,19.373563218390803,35.15277365766835
A Mithun,288,472,7,16,90,48.0,9.833333333333334,67.42857142857143,41.142857142857146,31.25
A Nehra,1908,2495,106,88,798,318.0,7.845911949685535,23.537735849056602,18.0,41.82389937106918
A Nel,18,31,1,1,7,3.0,10.333333333333334,31.0,18.0,38.88888888888889
A Nortje,1054,1574,60,46,401,175.66666666666666,8.960151802656547,26.233333333333334,17.566666666666666,38.04554079696395
A Singh,473,620,28,23,189,78.83333333333333,7.864693446088795,22.142857142857142,16.892857142857142,39.95771670190275
A Symonds,527,674,20,30,190,87.83333333333333,7.673624288425048,33.7,26.35,36.05313092979127
A Uniyal,36,66,2,2,8,6.0,11.0,33.0,18.0,22.22222222222222
A Zampa,419,558,29,20,129,69.83333333333333,7.990453460620525,19.24137931034483,14.448275862068966,30.787589498806682
AA Chavan,248,326,8,13,100,41.333333333333336,7.887096774193548,40.75,31.0,40.32258064516129
AA Jhunjhunwala,85,129,1,10,27,14.166666666666666,9.105882352941176,129.0,85.0,31.76470588235294
AA Kazi,12,21,0,1,2,2.0,10.5,,,16.666666666666664
AA Noffke,24,40,1,1,6,4.0,10.0,40.0,24.0,25.0
AB Agarkar,782,1151,29,42,254,130.33333333333334,8.831202046035806,39.689655172413794,26.96551724137931,32.48081841432225
AB Dinda,1516,2073,69,75,627,252.66666666666666,8.20448548812665,30.043478260869566,21.971014492753625,41.35883905013193
AB McDonald,186,261,11,10,50,31.0,8.419354838709678,23.727272727272727,16.90909090909091,26.881720430107524
AC Gilchrist,1,0,1,1,1,0.16666666666666666,0.0,0.0,1.0,100.0
AC Thomas,315,406,14,15,126,52.5,7.733333333333333,29.0,22.5,40.0
AC Voges,54,76,0,7,15,9.0,8.444444444444445,,,27.77777777777778
AD Mascarenhas,308,356,19,13,124,51.333333333333336,6.9350649350649345,18.736842105263158,16.210526315789473,40.25974025974026
AD Mathews,791,1079,27,44,224,131.83333333333334,8.18457648546144,39.96296296296296,29.296296296296298,28.31858407079646
AD Russell,1697,2646,115,112,584,282.8333333333333,9.355332940483207,23.008695652173913,14.756521739130434,34.41367118444313
AF Milne,207,327,7,10,69,34.5,9.478260869565217,46.714285714285715,29.571428571428573,33.33333333333333
AG Murtaza,264,313,9,12,101,44.0,7.113636363636363,34.77777777777778,29.333333333333332,38.25757575757576
AJ Finch,43,67,1,5,13,7.166666666666667,9.348837209302324,67.0,43.0,30.23255813953488
AJ Hosein,24,40,1,1,5,4.0,10.0,40.0,24.0,20.833333333333336
AJ Tye,685,978,42,30,208,114.16666666666667,8.566423357664233,23.285714285714285,16.30952380952381,30.364963503649633
AK Markram,121,172,2,14,32,20.166666666666668,8.52892561983471,86.0,60.5,26.446280991735538
AL Menaria,110,144,3,12,40,18.333333333333332,7.854545454545455,48.0,36.666666666666664,36.36363636363637
AM Nayar,229,322,9,19,69,38.166666666666664,8.436681222707424,35.77777777777778,25.444444444444443,30.131004366812224
AM Rahane,6,5,1,1,2,1.0,5.0,5.0,6.0,33.33333333333333
AM Salvi,150,200,7,7,57,25.0,8.0,28.571428571428573,21.428571428571427,38.0
AN Ahmed,344,498,12,17,120,57.333333333333336,8.686046511627907,41.5,28.666666666666668,34.883720930232556
AP Dole,66,112,5,3,20,11.0,10.181818181818182,22.4,13.2,30.303030303030305
AR Patel,3105,3764,123,148,1021,517.5,7.273429951690821,30.601626016260163,25.24390243902439,32.88244766505636
AS Joseph,434,691,21,22,162,72.33333333333333,9.55299539170507,32.904761904761905,20.666666666666668,37.327188940092164
AS Rajpoot,530,813,24,29,192,88.33333333333333,9.203773584905662,33.875,22.083333333333332,36.22641509433962
AS Raut,30,44,0,5,6,5.0,8.8,,,20.0
AS Roy,136,191,5,9,48,22.666666666666668,8.426470588235293,38.2,27.2,35.294117647058826
AU Rashid,60,91,2,3,20,10.0,9.1,45.5,30.0,33.33333333333333
AUK Pathan,39,63,0,3,9,6.5,9.692307692307692,,,23.076923076923077
Abdul Samad,54,113,2,5,11,9.0,12.555555555555555,56.5,27.0,20.37037037037037
Abdur Razzak,12,29,0,1,5,2.0,14.5,,,41.66666666666667
Abhishek Sharma,270,389,11,26,70,45.0,8.644444444444444,35.36363636363637,24.545454545454547,25.925925925925924
Akash Deep,164,319,7,8,55,27.333333333333332,11.670731707317074,45.57142857142857,23.428571428571427,33.53658536585366
Akash Madhwal,262,424,19,13,83,43.666666666666664,9.709923664122138,22.31578947368421,13.789473684210526,31.679389312977097
Akash Singh,138,227,5,7,53,23.0,9.869565217391305,45.4,27.6,38.405797101449274
Aman Hakim Khan,6,13,0,1,1,1.0,13.0,,,16.666666666666664
Anand Rajan,149,201,8,8,57,24.833333333333332,8.093959731543624,25.125,18.625,38.25503355704698
Ankit Sharma,367,450,12,21,137,61.166666666666664,7.3569482288828345,37.5,30.583333333333332,37.32970027247956
Ankit Soni,109,144,2,6,37,18.166666666666668,7.9266055045871555,72.0,54.5,33.94495412844037
Anureet Singh,412,623,18,22,139,68.66666666666667,9.072815533980583,34.611111111111114,22.88888888888889,33.737864077669904
Arjun Tendulkar,73,114,3,5,30,12.166666666666666,9.36986301369863,38.0,24.333333333333332,41.0958904109589
Arshad Khan,134,280,6,9,44,22.333333333333332,12.537313432835822,46.666666666666664,22.333333333333332,32.83582089552239
Arshad Khan (2),12,24,0,1,4,2.0,12.0,,,33.33333333333333
Arshdeep Singh,1364,2052,76,65,472,227.33333333333334,9.026392961876832,27.0,17.94736842105263,34.60410557184751
Atharva Taide,1,4,0,1,0,0.16666666666666666,24.0,,,0.0
Avesh Khan,1335,1974,74,62,491,222.5,8.87191011235955,26.675675675675677,18.04054054054054,36.77902621722847
Azhar Mahmood,537,700,29,23,199,89.5,7.82122905027933,24.137931034482758,18.517241379310345,37.05772811918063
Azmatullah Omarzai,126,186,4,7,52,21.0,8.857142857142858,46.5,31.5,41.269841269841265
B Akhil,188,242,6,13,60,31.333333333333332,7.723404255319149,40.333333333333336,31.333333333333332,31.914893617021278
B Chipli,6,20,0,1,1,1.0,20.0,,,16.666666666666664
B Geeves,48,91,1,2,15,8.0,11.375,91.0,48.0,31.25
B Kumar,3910,4929,181,176,1632,651.6666666666666,7.563682864450128,27.23204419889503,21.60220994475138,41.73913043478261
B Laughlin,168,282,10,9,42,28.0,10.071428571428571,28.2,16.8,25.0
B Lee,875,1095,25,38,374,145.83333333333334,7.508571428571428,43.8,35.0,42.74285714285714
B Stanlake,144,200,7,6,64,24.0,8.333333333333334,28.571428571428573,20.571428571428573,44.44444444444444
BA Bhatt,296,397,12,15,93,49.333333333333336,8.047297297297296,33.083333333333336,24.666666666666668,31.41891891891892
BA Stokes,689,992,28,38,228,114.83333333333333,8.638606676342526,35.42857142857143,24.607142857142858,33.09143686502177
BAW Mendis,244,303,8,10,76,40.666666666666664,7.450819672131148,37.875,30.5,31.147540983606557
BB Sran,483,757,18,24,168,80.5,9.403726708074535,42.05555555555556,26.833333333333332,34.78260869565217
BCJ Cutting,281,429,10,17,77,46.833333333333336,9.160142348754448,42.9,28.1,27.402135231316727
BE Hendricks,150,235,9,7,52,25.0,9.4,26.11111111111111,16.666666666666668,34.66666666666667
BJ Hodge,234,303,17,20,75,39.0,7.769230769230769,17.823529411764707,13.764705882352942,32.05128205128205
BJ Rohrer,6,12,0,1,1,1.0,12.0,,,16.666666666666664
BMAJ Mendis,30,36,1,2,11,5.0,7.2,36.0,30.0,36.666666666666664
BW Hilfenhaus,372,479,22,17,173,62.0,7.725806451612903,21.772727272727273,16.90909090909091,46.50537634408602
Basil Thampi,521,846,22,25,152,86.83333333333333,9.742802303262957,38.45454545454545,23.681818181818183,29.174664107485604
Bipul Sharma,426,572,17,28,131,71.0,8.056338028169014,33.64705882352941,25.058823529411764,30.751173708920188
C Ganapathy,6,13,0,1,1,1.0,13.0,,,16.666666666666664
C Green,439,664,16,29,149,73.16666666666667,9.075170842824601,41.5,27.4375,33.94077448747153
C Munro,12,15,0,2,5,2.0,7.5,,,41.66666666666667
C Nanda,48,57,2,3,13,8.0,7.125,28.5,24.0,27.083333333333332
C Sakariya,426,599,20,19,143,71.0,8.43661971830986,29.95,21.3,33.568075117370896
C de Grandhomme,216,319,6,19,58,36.0,8.86111111111111,53.166666666666664,36.0,26.851851851851855
CH Gayle,554,729,18,38,180,92.33333333333333,7.8953068592057765,40.5,30.77777777777778,32.49097472924188
CH Morris,1726,2309,96,81,668,287.6666666666667,8.026651216685979,24.052083333333332,17.979166666666668,38.70220162224797
CJ Anderson,297,518,11,22,79,49.5,10.464646464646465,47.09090909090909,27.0,26.599326599326602
CJ Dala,18,34,0,1,7,3.0,11.333333333333334,,,38.88888888888889
CJ Green,17,24,0,1,6,2.8333333333333335,8.470588235294118,,,35.294117647058826
CJ Jordan,674,1081,30,34,206,112.33333333333333,9.623145400593472,36.03333333333333,22.466666666666665,30.56379821958457
CJ McKay,42,60,1,2,14,7.0,8.571428571428571,60.0,42.0,33.33333333333333
CK Kapugedera,17,49,0,3,0,2.8333333333333335,17.294117647058822,,,0.0
CK Langeveldt,156,187,13,7,69,26.0,7.1923076923076925,14.384615384615385,12.0,44.230769230769226
CL White,42,86,1,6,8,7.0,12.285714285714286,86.0,42.0,19.047619047619047
CR Brathwaite,254,379,13,16,74,42.333333333333336,8.952755905511811,29.153846153846153,19.53846153846154,29.133858267716533
CR Woakes,440,658,30,21,161,73.33333333333333,8.972727272727273,21.933333333333334,14.666666666666666,36.59090909090909
CRD Fernando,234,298,17,10,99,39.0,7.641025641025641,17.529411764705884,13.764705882352942,42.30769230769231
CV Varun,1590,2000,83,70,582,265.0,7.547169811320755,24.096385542168676,19.156626506024097,36.60377358490566
D Brevis,3,8,1,1,1,0.5,16.0,8.0,3.0,33.33333333333333
D Jansen,24,53,1,1,6,4.0,13.25,53.0,24.0,25.0
D Kalyankrishna,48,87,2,3,10,8.0,10.875,43.5,24.0,20.833333333333336
D Pretorius,150,238,6,7,42,25.0,9.52,39.666666666666664,25.0,28.000000000000004
D Salunkhe,47,78,1,5,13,7.833333333333333,9.957446808510639,78.0,47.0,27.659574468085108
D Wiese,296,440,16,15,82,49.333333333333336,8.91891891891892,27.5,18.5,27.7027027027027
D du Preez,42,56,4,2,18,7.0,8.0,14.0,10.5,42.857142857142854
DA Warner,1,2,0,1,0,0.16666666666666666,12.0,,,0.0
DAJ Bracewell,24,32,3,1,10,4.0,8.0,10.666666666666666,8.0,41.66666666666667
DB Ravi Teja,18,28,1,2,4,3.0,9.333333333333334,28.0,18.0,22.22222222222222
DE Bollinger,576,693,37,27,254,96.0,7.21875,18.72972972972973,15.567567567567568,44.09722222222222
DG Nalkande,84,148,6,6,22,14.0,10.571428571428571,24.666666666666668,14.0,26.190476190476193
DJ Bravo,3120,4360,183,158,998,520.0,8.384615384615385,23.825136612021858,17.049180327868854,31.987179487179485
DJ Harris,18,26,0,2,4,3.0,8.666666666666666,,,22.22222222222222
DJ Hooda,373,531,10,33,101,62.166666666666664,8.541554959785524,53.1,37.3,27.07774798927614
DJ Hussey,317,474,8,26,86,52.833333333333336,8.97160883280757,59.25,39.625,27.129337539432175
DJ Mitchell,48,97,1,4,5,8.0,12.125,97.0,48.0,10.416666666666668
DJ Muthuswami,84,101,4,6,44,14.0,7.214285714285714,25.25,21.0,52.38095238095239
DJ Thornely,42,40,3,4,19,7.0,5.714285714285714,13.333333333333334,14.0,45.23809523809524
DJ Willey,216,272,6,11,79,36.0,7.555555555555555,45.333333333333336,36.0,36.574074074074076
DJG Sammy,236,350,11,19,72,39.333333333333336,8.898305084745763,31.818181818181817,21.454545454545453,30.508474576271187
DJM Short,18,19,1,2,7,3.0,6.333333333333333,19.0,18.0,38.88888888888889
DL Chahar,1669,2221,77,81,708,278.1666666666667,7.984421809466746,28.844155844155843,21.675324675324674,42.42061114439784
DL Vettori,777,879,28,34,270,129.5,6.787644787644788,31.392857142857142,27.75,34.74903474903475
DNT Zoysa,66,99,2,3,24,11.0,9.0,49.5,33.0,36.36363636363637
DP Nannes,646,785,28,29,285,107.66666666666667,7.291021671826625,28.035714285714285,23.071428571428573,44.11764705882353
DP Vijaykumar,152,199,4,9,63,25.333333333333332,7.855263157894737,49.75,38.0,41.44736842105263
DR Sams,360,523,14,16,142,60.0,8.716666666666667,37.357142857142854,25.714285714285715,39.44444444444444
DR Smith,539,810,26,46,168,89.83333333333333,9.01669758812616,31.153846153846153,20.73076923076923,31.16883116883117
DS Kulkarni,1787,2474,86,92,742,297.8333333333333,8.306659205372133,28.767441860465116,20.77906976744186,41.52210408505876
DT Christian,883,1192,38,49,296,147.16666666666666,8.099660249150624,31.36842105263158,23.236842105263158,33.52208380520951
DW Steyn,2182,2523,97,95,1019,363.6666666666667,6.937671860678276,26.010309278350515,22.49484536082474,46.70027497708524
F du Plessis,6,16,0,1,0,1.0,16.0,,,0.0
FA Allen,90,136,2,4,26,15.0,9.066666666666666,68.0,45.0,28.888888888888886
FH Edwards,140,154,5,6,70,23.333333333333332,6.6000000000000005,30.8,28.0,50.0
FY Fazal,12,20,0,2,1,2.0,10.0,,,8.333333333333332
Fazalhaq Farooqi,152,227,6,7,56,25.333333333333332,8.960526315789474,37.833333333333336,25.333333333333332,36.84210526315789
G Coetzee,201,341,13,10,71,33.5,10.17910447761194,26.23076923076923,15.461538461538462,35.32338308457712
GB Hogg,458,570,23,21,159,76.33333333333333,7.467248908296944,24.782608695652176,19.91304347826087,34.71615720524017
GC Viljoen,138,222,7,6,43,23.0,9.652173913043478,31.714285714285715,19.714285714285715,31.15942028985507
GD McGrath,324,357,12,14,153,54.0,6.611111111111111,29.75,27.0,47.22222222222222
GD Phillips,30,40,2,4,10,5.0,8.0,20.0,15.0,33.33333333333333
GH Vihari,42,47,1,6,17,7.0,6.714285714285714,47.0,42.0,40.476190476190474
GHS Garton,90,135,3,5,31,15.0,9.0,45.0,30.0,34.44444444444444
GJ Maxwell,944,1303,37,79,301,157.33333333333334,8.281779661016948,35.21621621621622,25.513513513513512,31.885593220338983
GR Napier,24,27,1,1,8,4.0,6.75,27.0,24.0,33.33333333333333
GS Sandhu,48,82,1,2,9,8.0,10.25,82.0,48.0,18.75
Gagandeep Singh,84,141,3,4,25,14.0,10.071428571428571,47.0,28.0,29.761904761904763
Gulbadin Naib,6,12,0,1,1,1.0,12.0,,,16.666666666666664
Gurkeerat Singh,78,97,5,6,26,13.0,7.461538461538462,19.4,15.6,33.33333333333333
Gurnoor Brar,18,42,0,1,7,3.0,14.0,,,38.88888888888889
H Sharma,30,57,0,2,2,5.0,11.4,,,6.666666666666667
HF Gurney,162,238,7,8,50,27.0,8.814814814814815,34.0,23.142857142857142,30.864197530864196
HH Pandya,1418,2150,64,93,481,236.33333333333334,9.097320169252468,33.59375,22.15625,33.92101551480959
HR Shokeen,204,314,5,13,78,34.0,9.235294117647058,62.8,40.8,38.23529411764706
HV Patel,2162,3148,135,103,710,360.3333333333333,8.736355226641999,23.31851851851852,16.014814814814816,32.839962997224795
Harbhajan Singh,3416,4030,150,160,1263,569.3333333333334,7.078454332552693,26.866666666666667,22.773333333333333,36.97306791569087
Harmeet Singh,549,731,27,28,201,91.5,7.9890710382513666,27.074074074074073,20.333333333333332,36.6120218579235
Harpreet Brar,679,895,25,39,229,113.16666666666667,7.908689248895434,35.8,27.16,33.726067746686304
Harshit Rana,385,581,25,19,148,64.16666666666667,9.054545454545455,23.24,15.4,38.44155844155844
I Malhotra,6,23,0,1,0,1.0,23.0,,,0.0
I Sharma,2309,3172,92,110,969,384.8333333333333,8.242529233434388,34.47826086956522,25.097826086956523,41.96621914248592
I Udana,174,282,8,10,45,29.0,9.724137931034482,35.25,21.75,25.862068965517242
IC Pandey,462,591,18,24,212,77.0,7.675324675324675,32.833333333333336,25.666666666666668,45.887445887445885
IC Porel,24,39,1,1,7,4.0,9.75,39.0,24.0,29.166666666666668
IK Pathan,2043,2649,80,101,835,340.5,7.779735682819383,33.1125,25.5375,40.87126774351444
IS Sodhi,181,202,9,8,64,30.166666666666668,6.696132596685082,22.444444444444443,20.11111111111111,35.35911602209944
Imran Tahir,1316,1703,82,59,437,219.33333333333334,7.764437689969604,20.76829268292683,16.048780487804876,33.20668693009118
Iqbal Abdulla,920,1109,40,48,331,153.33333333333334,7.232608695652173,27.725,23.0,35.97826086956522
J Botha,694,800,25,34,254,115.66666666666667,6.916426512968299,32.0,27.76,36.59942363112392
J Little,228,339,11,11,82,38.0,8.921052631578947,30.818181818181817,20.727272727272727,35.96491228070175
J Suchith,420,602,19,21,140,70.0,8.6,31.68421052631579,22.105263157894736,33.33333333333333
J Syed Mohammad,192,283,8,11,47,32.0,8.84375,35.375,24.0,24.479166666666664
J Theron,221,302,11,10,68,36.833333333333336,8.199095022624434,27.454545454545453,20.09090909090909,30.76923076923077
J Yadav,390,445,8,20,153,65.0,6.846153846153846,55.625,48.75,39.23076923076923
JA Morkel,1723,2359,85,87,646,287.1666666666667,8.214741729541498,27.75294117647059,20.270588235294117,37.49274521183981
JA Richardson,90,157,3,4,30,15.0,10.466666666666667,52.333333333333336,30.0,33.33333333333333
JC Archer,947,1169,48,40,420,157.83333333333334,7.406546990496303,24.354166666666668,19.729166666666668,44.350580781415
JD Ryder,236,303,8,16,79,39.333333333333336,7.703389830508474,37.875,29.5,33.47457627118644
JD Unadkat,2131,3189,99,104,684,355.1666666666667,8.978883153449084,32.21212121212121,21.525252525252526,32.09760675739089
JDP Oram,237,349,9,14,79,39.5,8.835443037974683,38.77777777777778,26.333333333333332,33.33333333333333
JDS Neesham,216,334,8,13,63,36.0,9.277777777777779,41.75,27.0,29.166666666666668
JE Root,12,14,0,1,1,2.0,7.0,,,8.333333333333332
JE Taylor,117,157,6,5,48,19.5,8.051282051282051,26.166666666666668,19.5,41.02564102564102
JEC Franklin,151,220,9,15,39,25.166666666666668,8.741721854304636,24.444444444444443,16.77777777777778,25.82781456953642
JH Kallis,1742,2293,65,89,601,290.3333333333333,7.897818599311137,35.276923076923076,26.8,34.50057405281286
JJ Bumrah,3075,3743,168,133,1228,512.5,7.303414634146342,22.279761904761905,18.303571428571427,39.9349593495935
JJ van der Wath,72,129,3,3,29,12.0,10.75,43.0,24.0,40.27777777777778
JL Pattinson,213,320,11,10,77,35.5,9.014084507042254,29.09090909090909,19.363636363636363,36.15023474178404
JM Kemp,44,54,3,5,15,7.333333333333333,7.363636363636364,18.0,14.666666666666666,34.090909090909086
JO Holder,995,1461,53,46,321,165.83333333333334,8.81005025125628,27.566037735849058,18.77358490566038,32.26130653266331
JP Behrendorff,366,552,19,17,139,61.0,9.049180327868852,29.05263157894737,19.263157894736842,37.97814207650273
JP Duminy,678,834,23,49,234,113.0,7.380530973451328,36.26086956521739,29.47826086956522,34.51327433628318
JP Faulkner,1238,1799,61,60,399,206.33333333333334,8.718901453957997,29.491803278688526,20.295081967213115,32.229402261712444
JPR Scantlebury-Searles,42,89,2,3,7,7.0,12.714285714285714,44.5,21.0,16.666666666666664
JR Hazlewood,603,810,35,27,259,100.5,8.059701492537313,23.142857142857142,17.228571428571428,42.95190713101161
JR Hopes,360,548,14,20,105,60.0,9.133333333333333,39.142857142857146,25.714285714285715,29.166666666666668
JW Hastings,58,66,3,3,31,9.666666666666666,6.8275862068965525,22.0,19.333333333333332,53.44827586206896
Jalaj S Saxena,18,27,0,1,5,3.0,9.0,,,27.77777777777778
Jaskaran Singh,102,171,6,7,39,17.0,10.058823529411764,28.5,17.0,38.23529411764706
Joginder Sharma,256,419,12,15,71,42.666666666666664,9.8203125,34.916666666666664,21.333333333333332,27.734375
K Goel,66,93,0,6,19,11.0,8.454545454545455,,,28.78787878787879
K Gowtham,588,808,21,35,206,98.0,8.244897959183673,38.476190476190474,28.0,35.034013605442176
K Kartikeya,234,329,10,12,69,39.0,8.435897435897436,32.9,23.4,29.48717948717949
K Khejroliya,121,217,5,7,32,20.166666666666668,10.760330578512397,43.4,24.2,26.446280991735538
K Rabada,1829,2577,120,80,717,304.8333333333333,8.453799890650629,21.475,15.241666666666667,39.20174958993986
K Santokie,48,90,3,2,15,8.0,11.25,30.0,16.0,31.25
K Upadhyay,54,81,0,3,20,9.0,9.0,,,37.03703703703704
K Yadav,54,84,2,3,13,9.0,9.333333333333334,42.0,27.0,24.074074074074073
KA Jamieson,168,269,9,9,69,28.0,9.607142857142858,29.88888888888889,18.666666666666668,41.07142857142857
KA Maharaj,36,39,2,2,11,6.0,6.5,19.5,18.0,30.555555555555557
KA Pollard,1488,2180,69,107,405,248.0,8.790322580645162,31.594202898550726,21.565217391304348,27.21774193548387
KAJ Roach,48,80,0,2,20,8.0,10.0,,,41.66666666666667
KC Cariappa,216,348,8,11,61,36.0,9.666666666666666,43.5,27.0,28.240740740740737
KH Pandya,2122,2606,76,117,676,353.6666666666667,7.368520263901979,34.28947368421053,27.92105263157895,31.856738925541944
KJ Abbott,96,177,2,5,28,16.0,11.0625,88.5,48.0,29.166666666666668
KK Ahmed,1276,1881,74,57,512,212.66666666666666,8.844827586206897,25.41891891891892,17.243243243243242,40.12539184952978
KK Cooper,576,757,33,25,184,96.0,7.885416666666667,22.939393939393938,17.454545454545453,31.944444444444443
KL Nagarkoti,180,285,5,11,50,30.0,9.5,57.0,36.0,27.77777777777778
KM Asif,134,230,7,7,46,22.333333333333332,10.298507462686567,32.857142857142854,19.142857142857142,34.32835820895522
KMA Paul,163,237,9,8,52,27.166666666666668,8.723926380368098,26.333333333333332,18.11111111111111,31.901840490797547
KMDN Kulasekara,102,120,5,5,45,17.0,7.0588235294117645,24.0,20.4,44.11764705882353
KP Appanna,216,286,9,13,68,36.0,7.944444444444445,31.77777777777778,24.0,31.48148148148148
KP Pietersen,174,215,7,13,54,29.0,7.413793103448276,30.714285714285715,24.857142857142858,31.03448275862069
KR Mayers,42,59,0,6,14,7.0,8.428571428571429,,,33.33333333333333
KR Sen,241,387,14,12,83,40.166666666666664,9.634854771784234,27.642857142857142,17.214285714285715,34.439834024896264
KS Williamson,18,31,0,2,2,3.0,10.333333333333334,,,11.11111111111111
KT Maphaka,36,89,1,2,11,6.0,14.833333333333334,89.0,36.0,30.555555555555557
KV Sharma,1495,2087,76,82,483,249.16666666666666,8.375919732441472,27.460526315789473,19.67105263157895,32.30769230769231
KW Richardson,335,472,19,15,129,55.833333333333336,8.453731343283582,24.842105263157894,17.63157894736842,38.50746268656716
Kamran Khan,166,239,10,9,63,27.666666666666668,8.638554216867469,23.9,16.6,37.95180722891566
Karanveer Singh,204,321,12,9,64,34.0,9.441176470588236,26.75,17.0,31.372549019607842
Kartik Tyagi,422,713,15,20,148,70.33333333333333,10.13744075829384,47.53333333333333,28.133333333333333,35.07109004739337
Kuldeep Yadav,1746,2388,87,82,520,291.0,8.206185567010309,27.448275862068964,20.06896551724138,29.782359679266897
L Ablish,42,75,3,3,10,7.0,10.714285714285714,25.0,14.0,23.809523809523807
L Balaji,1512,2028,76,73,537,252.0,8.047619047619047,26.68421052631579,19.894736842105264,35.51587301587302
L Ngidi,324,448,25,14,131,54.0,8.296296296296296,17.92,12.96,40.4320987654321
L Wood,36,93,1,2,8,6.0,15.5,93.0,36.0,22.22222222222222
LA Carseldine,6,6,1,1,4,1.0,6.0,6.0,6.0,66.66666666666666
LB Williams,37,71,1,2,12,6.166666666666667,11.513513513513512,71.0,37.0,32.432432432432435
LE Plunkett,150,225,4,7,39,25.0,9.0,56.25,37.5,26.0
LH Ferguson,958,1428,48,45,351,159.66666666666666,8.943632567849688,29.75,19.958333333333332,36.63883089770355
LI Meriwala,18,32,1,1,6,3.0,10.666666666666666,32.0,18.0,33.33333333333333
LJ Wright,71,124,2,6,14,11.833333333333334,10.47887323943662,62.0,35.5,19.718309859154928
LMP Simmons,18,34,1,1,2,3.0,11.333333333333334,34.0,18.0,11.11111111111111
LPC Silva,6,21,0,1,0,1.0,21.0,,,0.0
LR Shukla,314,447,15,27,109,52.333333333333336,8.54140127388535,29.8,20.933333333333334,34.71337579617834
LRPL Taylor,12,24,0,2,0,2.0,12.0,,,0.0
LS Livingstone,258,393,11,22,71,43.0,9.13953488372093,35.72727272727273,23.454545454545453,27.51937984496124
Lalit Yadav,288,425,10,19,82,48.0,8.854166666666666,42.5,28.8,28.47222222222222
M Ashwin,870,1162,35,44,283,145.0,8.013793103448275,33.2,24.857142857142858,32.52873563218391
M Jansen,451,714,20,21,176,75.16666666666667,9.498891352549888,35.7,22.55,39.02439024390244
M Kartik,1149,1388,31,55,382,191.5,7.248041775456919,44.774193548387096,37.064516129032256,33.246301131418626
M Manhas,42,42,0,3,15,7.0,6.0,,,35.714285714285715
M Markande,720,1069,37,37,210,120.0,8.908333333333333,28.89189189189189,19.45945945945946,29.166666666666668
M Morkel,1629,2089,77,70,708,271.5,7.694290976058932,27.12987012987013,21.155844155844157,43.462246777163905
M Muralitharan,1528,1706,64,66,600,254.66666666666666,6.698952879581152,26.65625,23.875,39.26701570680628
M Ntini,210,242,7,9,99,35.0,6.914285714285715,34.57142857142857,30.0,47.14285714285714
M Pathirana,451,592,34,20,160,75.16666666666667,7.875831485587582,17.41176470588235,13.264705882352942,35.47671840354767
M Prasidh Krishna,1152,1712,50,51,475,192.0,8.916666666666666,34.24,23.04,41.23263888888889
M Shahrukh Khan,12,15,0,2,3,2.0,7.5,,,25.0
M Siddharth,55,70,1,3,22,9.166666666666666,7.636363636363637,70.0,55.0,40.0
M Theekshana,624,797,25,27,190,104.0,7.663461538461538,31.88,24.96,30.448717948717945
M Vijay,36,49,0,4,8,6.0,8.166666666666666,,,22.22222222222222
M de Lange,108,169,5,5,39,18.0,9.38888888888889,33.8,21.6,36.11111111111111
MA Khote,30,51,2,2,5,5.0,10.2,25.5,15.0,16.666666666666664
MA Starc,831,1137,51,39,334,138.5,8.209386281588447,22.294117647058822,16.294117647058822,40.19253910950662
MA Wood,120,179,11,5,47,20.0,8.95,16.272727272727273,10.909090909090908,39.166666666666664
MB Parmar,18,33,0,1,4,3.0,11.0,,,22.22222222222222
MC Henriques,950,1289,42,60,306,158.33333333333334,8.141052631578948,30.69047619047619,22.61904761904762,32.21052631578947
MF Maharoof,420,520,27,20,165,70.0,7.428571428571429,19.25925925925926,15.555555555555555,39.285714285714285
MG Bracewell,66,95,6,5,26,11.0,8.636363636363637,15.833333333333334,11.0,39.39393939393939
MG Johnson,1235,1708,62,54,535,205.83333333333334,8.297975708502024,27.548387096774192,19.919354838709676,43.31983805668016
MG Neser,24,62,0,1,5,4.0,15.5,,,20.833333333333336
MJ Clarke,66,67,2,5,22,11.0,6.090909090909091,33.5,33.0,33.33333333333333
MJ Henry,102,181,2,6,31,17.0,10.647058823529411,90.5,51.0,30.392156862745097
MJ McClenaghan,1274,1803,71,56,507,212.33333333333334,8.491365777080063,25.3943661971831,17.943661971830984,39.795918367346935
MJ Santner,366,422,15,18,134,61.0,6.918032786885246,28.133333333333333,24.4,36.6120218579235
MJ Suthar,12,26,0,1,4,2.0,13.0,,,33.33333333333333
MK Lomror,90,127,1,11,22,15.0,8.466666666666667,127.0,90.0,24.444444444444443
MK Tiwary,42,83,1,6,9,7.0,11.857142857142858,83.0,42.0,21.428571428571427
MM Ali,758,893,35,52,266,126.33333333333333,7.068601583113456,25.514285714285716,21.65714285714286,35.09234828496042
MM Patel,1355,1698,74,63,590,225.83333333333334,7.518819188191881,22.945945945945947,18.31081081081081,43.542435424354245
MM Sharma,2253,3256,132,111,782,375.5,8.671105193075899,24.666666666666668,17.068181818181817,34.709276520195296
MN Samuels,214,284,9,11,79,35.666666666666664,7.962616822429907,31.555555555555557,23.77777777777778,36.915887850467286
MP Stoinis,803,1274,43,62,219,133.83333333333334,9.519302615193025,29.627906976744185,18.674418604651162,27.27272727272727
MP Yadav,73,85,7,4,39,12.166666666666666,6.986301369863014,12.142857142857142,10.428571428571429,53.42465753424658
MR Marsh,560,795,37,34,181,93.33333333333333,8.517857142857144,21.486486486486488,15.135135135135135,32.32142857142858
MS Gony,888,1287,37,44,348,148.0,8.695945945945946,34.78378378378378,24.0,39.189189189189186
MW Short,24,25,0,3,11,4.0,6.25,,,45.83333333333333
Mandeep Singh,12,26,0,2,1,2.0,13.0,,,8.333333333333332
Mashrafe Mortaza,24,58,0,1,6,4.0,14.5,,,25.0
Mayank Dagar,137,203,2,8,43,22.833333333333332,8.89051094890511,101.5,68.5,31.386861313868614
Mohammad Asif,192,296,8,8,64,32.0,9.25,37.0,24.0,33.33333333333333
Mohammad Hafeez,60,68,2,4,22,10.0,6.8,34.0,30.0,36.666666666666664
Mohammad Nabi,417,517,15,23,146,69.5,7.438848920863309,34.46666666666667,27.8,35.011990407673856
Mohammed Shami,2435,3419,127,110,984,405.8333333333333,8.42464065708419,26.921259842519685,19.173228346456693,40.41067761806982
Mohammed Siraj,1958,2822,93,93,806,326.3333333333333,8.647599591419816,30.344086021505376,21.053763440860216,41.16445352400409
Mohit Rathee,12,29,0,1,3,2.0,14.5,,,25.0
Mohsin Khan,486,689,27,23,209,81.0,8.506172839506172,25.51851851851852,18.0,43.00411522633745
Monu Kumar,12,20,0,1,4,2.0,10.0,,,33.33333333333333
Mujeeb Ur Rahman,434,592,19,19,147,72.33333333333333,8.184331797235023,31.157894736842106,22.842105263157894,33.87096774193548
Mukesh Choudhary,279,451,16,14,120,46.5,9.698924731182796,28.1875,17.4375,43.01075268817204
Mukesh Kumar,399,694,24,20,130,66.5,10.436090225563909,28.916666666666668,16.625,32.581453634085214
Mustafizur Rahman,1299,1761,61,57,464,216.5,8.133949191685913,28.868852459016395,21.295081967213115,35.71978444957659
N Burger,102,145,7,5,46,17.0,8.529411764705882,20.714285714285715,14.571428571428571,45.09803921568628
N Rana,180,252,10,24,58,30.0,8.4,25.2,18.0,32.22222222222222
N Thushara,156,257,8,7,49,26.0,9.884615384615385,32.125,19.5,31.41025641025641
N Wadhera,12,13,0,1,2,2.0,6.5,,,16.666666666666664
NA Saini,12,34,0,1,2,2.0,17.0,,,16.666666666666664
NB Singh,24,15,1,2,13,4.0,3.75,15.0,24.0,54.166666666666664
ND Doshi,56,79,2,4,24,9.333333333333334,8.464285714285714,39.5,28.0,42.857142857142854
NJ Rimmington,18,19,0,1,9,3.0,6.333333333333333,,,50.0
NL McCullum,30,34,0,2,10,5.0,6.8,,,33.33333333333333
NLTC Perera,698,1016,31,36,227,116.33333333333333,8.73352435530086,32.774193548387096,22.516129032258064,32.5214899713467
NM Coulter-Nile,857,1100,48,38,368,142.83333333333334,7.701283547257876,22.916666666666668,17.854166666666668,42.94049008168028
NT Ellis,354,508,18,16,112,59.0,8.610169491525424,28.22222222222222,19.666666666666668,31.63841807909605
Naman Dhir,28,55,0,3,3,4.666666666666667,11.785714285714285,,,10.714285714285714
Navdeep Saini,652,946,24,31,272,108.66666666666667,8.705521472392638,39.416666666666664,27.166666666666668,41.717791411042946
Naveen-ul-Haq,388,590,25,17,133,64.66666666666667,9.123711340206185,23.6,15.52,34.27835051546392
Nithish Kumar Reddy,109,207,3,9,29,18.166666666666668,11.394495412844035,69.0,36.333333333333336,26.605504587155966
Noor Ahmad,492,659,24,23,171,82.0,8.036585365853659,27.458333333333332,20.5,34.756097560975604
O Thomas,60,79,5,4,17,10.0,7.9,15.8,12.0,28.333333333333332
OC McCoy,162,249,11,8,49,27.0,9.222222222222221,22.636363636363637,14.727272727272727,30.246913580246915
OF Smith,90,178,6,6,35,15.0,11.866666666666667,29.666666666666668,15.0,38.88888888888889
P Amarnath,132,236,7,6,29,22.0,10.727272727272727,33.714285714285715,18.857142857142858,21.96969696969697
P Awana,747,1029,39,33,293,124.5,8.265060240963855,26.384615384615383,19.153846153846153,39.223560910307896
P Dubey,66,91,1,4,20,11.0,8.272727272727273,91.0,66.0,30.303030303030305
P Kumar,2524,3251,90,119,1075,420.6666666666667,7.728209191759112,36.12222222222222,28.044444444444444,42.591125198098254
P Negi,716,939,34,42,237,119.33333333333333,7.868715083798883,27.61764705882353,21.058823529411764,33.100558659217874
P Parameswaran,154,224,9,8,64,25.666666666666668,8.727272727272727,24.88888888888889,17.11111111111111,41.55844155844156
P Prasanth,6,18,0,1,3,1.0,18.0,,,50.0
P Ray Barman,24,56,0,1,2,4.0,14.0,,,8.333333333333332
P Sahu,105,146,3,5,24,17.5,8.342857142857143,48.666666666666664,35.0,22.857142857142858
P Suyal,96,151,2,5,36,16.0,9.4375,75.5,48.0,37.5
PC Valthaty,151,205,7,10,44,25.166666666666668,8.14569536423841,29.285714285714285,21.571428571428573,29.13907284768212
PD Collingwood,89,101,5,6,24,14.833333333333334,6.808988764044943,20.2,17.8,26.96629213483146
PH Solanki,36,38,2,2,11,6.0,6.333333333333333,19.0,18.0,30.555555555555557
PJ Cummins,1319,1923,63,58,467,219.83333333333334,8.747536012130402,30.523809523809526,20.936507936507937,35.405610310841546
PJ Sangwan,856,1240,38,42,319,142.66666666666666,8.69158878504673,32.63157894736842,22.526315789473685,37.26635514018692
PM Sarvesh Kumar,30,42,1,2,11,5.0,8.4,42.0,30.0,36.666666666666664
PP Chawla,3850,5108,192,191,1325,641.6666666666666,7.960519480519481,26.604166666666668,20.052083333333332,34.41558441558442
PP Ojha,1899,2332,89,90,667,316.5,7.368088467614534,26.202247191011235,21.337078651685392,35.12374934175882
PV Tambe,660,853,28,33,204,110.0,7.754545454545455,30.464285714285715,23.571428571428573,30.909090909090907
PVD Chameera,282,432,9,13,122,47.0,9.191489361702128,48.0,31.333333333333332,43.262411347517734
PWH de Silva,552,748,35,26,202,92.0,8.130434782608695,21.37142857142857,15.771428571428572,36.594202898550726
Pankaj Singh,300,468,11,17,111,50.0,9.36,42.54545454545455,27.272727272727273,37.0
Parvez Rasool,198,271,4,11,60,33.0,8.212121212121213,67.75,49.5,30.303030303030305
R Ashwin,4524,5369,180,208,1552,754.0,7.120689655172414,29.82777777777778,25.133333333333333,34.305923961096376
R Bhatia,1636,2020,71,91,436,272.6666666666667,7.408312958435207,28.450704225352112,23.04225352112676,26.65036674816626
R Dhawan,662,891,25,36,205,110.33333333333333,8.075528700906345,35.64,26.48,30.966767371601208
R Goyal,24,33,0,1,6,4.0,8.25,,,25.0
R McLaren,354,542,12,18,116,59.0,9.186440677966102,45.166666666666664,29.5,32.7683615819209
R Ninan,36,65,3,2,8,6.0,10.833333333333334,21.666666666666668,12.0,22.22222222222222
R Parag,175,307,4,21,36,29.166666666666668,10.525714285714285,76.75,43.75,20.57142857142857
R Powell,18,35,1,2,4,3.0,11.666666666666666,35.0,18.0,22.22222222222222
R Rampaul,268,309,16,12,130,44.666666666666664,6.917910447761194,19.3125,16.75,48.507462686567166
R Ravindra,12,7,0,2,5,2.0,3.5,,,41.66666666666667
R Sai Kishore,186,258,13,10,56,31.0,8.32258064516129,19.846153846153847,14.307692307692308,30.107526881720432
R Sanjay Yadav,12,23,0,1,6,2.0,11.5,,,50.0
R Sathish,139,232,3,14,30,23.166666666666668,10.014388489208633,77.33333333333333,46.333333333333336,21.58273381294964
R Sharma,928,1086,40,44,334,154.66666666666666,7.0215517241379315,27.15,23.2,35.991379310344826
R Shepherd,126,257,4,8,38,21.0,12.238095238095237,64.25,31.5,30.158730158730158
R Shukla,120,208,5,7,38,20.0,10.4,41.6,24.0,31.666666666666664
R Tewatia,843,1111,32,52,264,140.5,7.907473309608541,34.71875,26.34375,31.316725978647685
R Vinay Kumar,2127,2986,105,104,763,354.5,8.423131170662906,28.438095238095237,20.257142857142856,35.87212035731076
RA Jadeja,3829,4864,160,211,1216,638.1666666666666,7.6218333768608,30.4,23.93125,31.75763907025333
RA Shaikh,6,11,0,1,1,1.0,11.0,,,16.666666666666664
RA Tripathi,6,12,0,1,0,1.0,12.0,,,0.0
RD Chahar,1664,2141,75,77,574,277.3333333333333,7.719951923076923,28.546666666666667,22.186666666666667,34.49519230769231
RE van der Merwe,443,498,21,21,148,73.83333333333333,6.744920993227991,23.714285714285715,21.095238095238095,33.40857787810384
RG More,35,59,1,2,4,5.833333333333333,10.114285714285716,59.0,35.0,11.428571428571429
RG Sharma,339,453,15,32,88,56.5,8.017699115044248,30.2,22.6,25.958702064896755
RJ Gleeson,47,71,1,2,19,7.833333333333333,9.063829787234043,71.0,47.0,40.42553191489361
RJ Harris,832,1047,45,37,364,138.66666666666666,7.55048076923077,23.266666666666666,18.488888888888887,43.75
RJ Peterson,48,70,3,4,21,8.0,8.75,23.333333333333332,16.0,43.75
RJW Topley,102,182,5,5,38,17.0,10.705882352941176,36.4,20.4,37.254901960784316
RN ten Doeschate,78,94,2,10,22,13.0,7.230769230769231,47.0,39.0,28.205128205128204
RP Meredith,388,612,19,18,147,64.66666666666667,9.463917525773196,32.21052631578947,20.42105263157895,37.88659793814433
RP Singh,1775,2338,90,82,744,295.8333333333333,7.903098591549297,25.977777777777778,19.72222222222222,41.91549295774648
RR Bhatkal,12,35,0,1,0,2.0,17.5,,,0.0
RR Bose,12,24,0,1,5,2.0,12.0,,,41.66666666666667
RR Powar,426,527,13,26,166,71.0,7.422535211267606,40.53846153846154,32.76923076923077,38.967136150234744
RR Raje,139,209,6,10,39,23.166666666666668,9.021582733812949,34.833333333333336,23.166666666666668,28.05755395683453
RS Bopara,206,292,11,14,61,34.333333333333336,8.504854368932039,26.545454545454547,18.727272727272727,29.61165048543689
RS Gavaskar,6,8,0,1,2,1.0,8.0,,,33.33333333333333
RS Hangargekar,36,60,3,2,14,6.0,10.0,20.0,12.0,38.88888888888889
RV Gomez,96,129,5,9,37,16.0,8.0625,25.8,19.2,38.54166666666667
RV Patel,18,22,0,1,5,3.0,7.333333333333333,,,27.77777777777778
RW Price,18,33,0,1,1,3.0,11.0,,,5.555555555555555
Ramandeep Singh,40,63,6,4,12,6.666666666666667,9.45,10.5,6.666666666666667,30.0
Rashid Khan,2872,3267,149,121,1060,478.6666666666667,6.825208913649025,21.926174496644297,19.2751677852349,36.908077994428965
Rasikh Salam,195,339,9,11,56,32.5,10.430769230769231,37.666666666666664,21.666666666666668,28.717948717948715
Ravi Bishnoi,1411,1836,63,65,492,235.16666666666666,7.807228915662651,29.142857142857142,22.396825396825395,34.86888731396173
S Aravind,760,1039,45,38,290,126.66666666666667,8.202631578947368,23.08888888888889,16.88888888888889,38.15789473684211
S Badree,258,319,11,12,109,43.0,7.4186046511627906,29.0,23.454545454545453,42.248062015503876
S Dhawan,48,66,4,6,17,8.0,8.25,16.5,12.0,35.41666666666667
S Dube,112,180,5,14,23,18.666666666666668,9.642857142857142,36.0,22.4,20.535714285714285
S Gopal,991,1349,52,51,317,165.16666666666666,8.167507568113018,25.942307692307693,19.057692307692307,31.987891019172555
S Joseph,24,47,0,1,9,4.0,11.75,,,37.5
S Kaul,1209,1739,58,55,387,201.5,8.630272952853598,29.982758620689655,20.844827586206897,32.00992555831266
S Kaushik,204,297,6,10,68,34.0,8.735294117647058,49.5,34.0,33.33333333333333
S Ladda,138,224,5,9,48,23.0,9.73913043478261,44.8,27.6,34.78260869565217
S Lamichhane,210,292,13,9,75,35.0,8.342857142857143,22.46153846153846,16.153846153846153,35.714285714285715
S Midhun,12,27,0,1,3,2.0,13.5,,,25.0
S Nadeem,1415,1784,48,70,453,235.83333333333334,7.564664310954063,37.166666666666664,29.479166666666668,32.014134275618375
S Narwal,106,202,5,6,37,17.666666666666668,11.433962264150942,40.4,21.2,34.90566037735849
S Rana,16,18,0,3,5,2.6666666666666665,6.75,,,31.25
S Randiv,174,223,6,8,60,29.0,7.689655172413793,37.166666666666664,29.0,34.48275862068966
S Sandeep Warrier,168,253,8,10,72,28.0,9.035714285714286,31.625,21.0,42.857142857142854
S Sreesanth,880,1194,40,44,399,146.66666666666666,8.14090909090909,29.85,22.0,45.34090909090909
S Sriram,18,49,0,2,2,3.0,16.333333333333332,,,11.11111111111111
S Tyagi,209,295,6,14,93,34.833333333333336,8.4688995215311,49.166666666666664,34.833333333333336,44.49760765550239
S Vidyut,12,22,1,1,5,2.0,11.0,22.0,12.0,41.66666666666667
SA Abbott,54,104,1,3,13,9.0,11.555555555555555,104.0,54.0,24.074074074074073
SA Yadav,6,8,0,1,2,1.0,8.0,,,33.33333333333333
SB Bangar,150,219,4,9,55,25.0,8.76,54.75,37.5,36.666666666666664
SB Jakati,1085,1451,47,57,337,180.83333333333334,8.023963133640553,30.872340425531913,23.085106382978722,31.05990783410138
SB Joshi,55,82,1,4,18,9.166666666666666,8.945454545454545,82.0,55.0,32.72727272727273
SB Styris,216,276,8,11,83,36.0,7.666666666666667,34.5,27.0,38.425925925925924
SB Wagh,102,137,5,8,45,17.0,8.058823529411764,27.4,20.4,44.11764705882353
SC Ganguly,276,363,10,20,75,46.0,7.891304347826087,36.3,27.6,27.173913043478258
SC Kuggeleijn,48,71,2,2,17,8.0,8.875,35.5,24.0,35.41666666666667
SD Chitnis,36,60,2,2,9,6.0,10.0,30.0,18.0,25.0
SE Bond,186,224,9,8,75,31.0,7.225806451612903,24.88888888888889,20.666666666666668,40.32258064516129
SE Rutherford,41,59,1,6,7,6.833333333333333,8.634146341463415,59.0,41.0,17.073170731707318
SH Johnson,96,151,4,5,34,16.0,9.4375,37.75,24.0,35.41666666666667
SJ Srivastava,282,441,14,14,103,47.0,9.382978723404255,31.5,20.142857142857142,36.52482269503546
SK Raina,908,1118,25,69,280,151.33333333333334,7.387665198237885,44.72,36.32,30.837004405286343
SK Trivedi,1506,1904,65,75,492,251.0,7.585657370517929,29.29230769230769,23.16923076923077,32.669322709163346
SK Warne,1194,1447,57,54,426,199.0,7.271356783919598,25.385964912280702,20.94736842105263,35.678391959798994
SL Malinga,2828,3364,170,122,1144,471.3333333333333,7.137199434229138,19.788235294117648,16.63529411764706,40.45261669024045
SM Boland,42,54,2,2,14,7.0,7.714285714285714,27.0,21.0,33.33333333333333
SM Curran,1181,1900,58,58,378,196.83333333333334,9.652836579170195,32.758620689655174,20.362068965517242,32.00677392040643
SM Harwood,60,73,3,3,33,10.0,7.3,24.333333333333332,20.0,55.00000000000001
SM Pollock,276,301,11,13,130,46.0,6.543478260869565,27.363636363636363,25.09090909090909,47.10144927536232
SMSM Senanayake,192,209,9,8,73,32.0,6.53125,23.22222222222222,21.333333333333332,38.02083333333333
SN Khan,2,6,0,1,0,0.3333333333333333,18.0,,,0.0
SN Thakur,1866,2869,94,92,639,311.0,9.22508038585209,30.52127659574468,19.851063829787233,34.244372990353696
SP Narine,4081,4582,180,175,1569,680.1666666666666,6.736584170546435,25.455555555555556,22.67222222222222,38.44645920117618
SPD Smith,2,5,0,1,0,0.3333333333333333,15.0,,,0.0
SR Tendulkar,36,58,0,4,4,6.0,9.666666666666666,,,11.11111111111111
SR Watson,2029,2682,92,105,803,338.1666666666667,7.931000492853622,29.152173913043477,22.054347826086957,39.57614588467225
SS Agarwal,24,42,1,1,7,4.0,10.5,42.0,24.0,29.166666666666668
SS Cottrell,120,176,6,6,58,20.0,8.8,29.333333333333332,20.0,48.333333333333336
SS Iyer,6,7,0,1,4,1.0,7.0,,,66.66666666666666
SS Mundhe,6,6,1,1,4,1.0,6.0,6.0,6.0,66.66666666666666
SS Sarkar,25,34,1,2,4,4.166666666666667,8.16,34.0,25.0,16.0
SSB Magala,36,51,1,2,5,6.0,8.5,51.0,36.0,13.88888888888889
ST Jayasuriya,294,390,13,21,83,49.0,7.959183673469388,30.0,22.615384615384617,28.2312925170068
STR Binny,594,758,22,63,199,99.0,7.656565656565657,34.45454545454545,27.0,33.5016835016835
SW Tait,473,640,23,21,200,78.83333333333333,8.118393234672306,27.82608695652174,20.565217391304348,42.28329809725159
SZ Mulani,30,57,0,2,7,5.0,11.4,,,23.333333333333332
Sachin Baby,10,8,2,2,5,1.6666666666666667,4.8,4.0,5.0,50.0
Sandeep Sharma,2822,3709,137,126,1122,470.3333333333333,7.885896527285613,27.072992700729927,20.598540145985403,39.75903614457831
Shahbaz Ahmed,537,837,21,42,142,89.5,9.35195530726257,39.857142857142854,25.571428571428573,26.443202979515828
Shahid Afridi,180,225,9,10,57,30.0,7.5,25.0,20.0,31.666666666666664
Shakib Al Hasan,1484,1839,63,70,504,247.33333333333334,7.435309973045822,29.19047619047619,23.555555555555557,33.9622641509434
Shashank Singh,18,25,1,3,2,3.0,8.333333333333334,25.0,18.0,11.11111111111111
Shivam Mavi,649,942,30,32,254,108.16666666666667,8.708782742681047,31.4,21.633333333333333,39.13713405238829
Shivam Sharma,114,165,4,5,37,19.0,8.68421052631579,41.25,28.5,32.45614035087719
Shoaib Ahmed,102,152,5,7,33,17.0,8.941176470588236,30.4,20.4,32.35294117647059
Shoaib Akhtar,42,54,5,3,23,7.0,7.714285714285714,10.8,8.4,54.761904761904766
Shoaib Malik,51,85,2,5,15,8.5,10.0,42.5,25.5,29.411764705882355
Sikandar Raza,85,140,3,7,21,14.166666666666666,9.882352941176471,46.666666666666664,28.333333333333332,24.705882352941178
Simarjeet Singh,180,259,9,10,82,30.0,8.633333333333333,28.77777777777778,20.0,45.55555555555556
Sohail Tanvir,247,266,22,11,121,41.166666666666664,6.461538461538462,12.090909090909092,11.227272727272727,48.987854251012145
Sumit Kumar,20,38,0,2,4,3.3333333333333335,11.4,,,20.0
Sunny Gupta,18,47,0,1,0,3.0,15.666666666666666,,,0.0
Suyash Sharma,258,372,10,13,85,43.0,8.651162790697674,37.2,25.8,32.945736434108525
Swapnil Singh,162,241,7,14,39,27.0,8.925925925925926,34.42857142857143,23.142857142857142,24.074074074074073
T Henderson,36,40,1,2,14,6.0,6.666666666666667,40.0,36.0,38.88888888888889
T Natarajan,1337,1969,67,61,418,222.83333333333334,8.836200448765894,29.388059701492537,19.955223880597014,31.264023934181
T Shamsi,120,181,3,5,28,20.0,9.05,60.333333333333336,40.0,23.333333333333332
T Stubbs,24,29,4,3,9,4.0,7.25,7.25,6.0,37.5
T Thushara,135,161,8,6,57,22.5,7.155555555555556,20.125,16.875,42.22222222222222
TA Boult,2341,3245,121,103,986,390.1666666666667,8.316958564715932,26.818181818181817,19.34710743801653,42.11875266979923
TG Southee,1206,1742,47,54,447,201.0,8.666666666666666,37.06382978723404,25.659574468085108,37.06467661691542
TK Curran,238,430,13,13,57,39.666666666666664,10.840336134453782,33.07692307692308,18.307692307692307,23.949579831932773
TL Suman,150,197,6,11,43,25.0,7.88,32.833333333333336,25.0,28.666666666666668
TM Dilshan,271,366,5,25,79,45.166666666666664,8.103321033210333,73.2,54.2,29.15129151291513
TM Head,58,113,2,6,9,9.666666666666666,11.689655172413794,56.5,29.0,15.517241379310345
TP Sudhindra,70,136,1,3,18,11.666666666666666,11.657142857142858,136.0,70.0,25.71428571428571
TS Mills,209,343,11,10,69,34.833333333333336,9.84688995215311,31.181818181818183,19.0,33.014354066985646
TU Deshpande,774,1242,42,36,284,129.0,9.627906976744185,29.571428571428573,18.428571428571427,36.69250645994832
Tejas Baroka,21,33,0,1,6,3.5,9.428571428571429,,,28.57142857142857
Tilak Varma,22,28,0,4,8,3.6666666666666665,7.636363636363637,,,36.36363636363637
UT Yadav,3057,4331,144,147,1186,509.5,8.500490677134446,30.07638888888889,21.229166666666668,38.796205430160285
Umar Gul,135,184,12,6,51,22.5,8.177777777777777,15.333333333333334,11.25,37.77777777777778
Umran Malik,494,771,29,26,205,82.33333333333333,9.364372469635628,26.586206896551722,17.03448275862069,41.497975708502025
V Kaverappa,24,36,2,1,11,4.0,9.0,18.0,12.0,45.83333333333333
V Kohli,251,368,4,26,52,41.833333333333336,8.796812749003983,92.0,62.75,20.717131474103585
V Pratap Singh,204,296,10,9,71,34.0,8.705882352941176,29.6,20.4,34.80392156862745
V Sehwag,136,235,6,15,44,22.666666666666668,10.367647058823529,39.166666666666664,22.666666666666668,32.35294117647059
V Shankar,238,344,9,22,80,39.666666666666664,8.672268907563026,38.22222222222222,26.444444444444443,33.61344537815126
V Viyaskanth,60,86,1,3,16,10.0,8.6,86.0,60.0,26.666666666666668
VG Arora,384,585,19,20,144,64.0,9.140625,30.789473684210527,20.210526315789473,37.5
VR Aaron,994,1481,44,50,387,165.66666666666666,8.939637826961771,33.65909090909091,22.59090909090909,38.93360160965795
VR Iyer,81,143,3,9,15,13.5,10.592592592592593,47.666666666666664,27.0,18.51851851851852
VRV Singh,360,542,12,18,114,60.0,9.033333333333333,45.166666666666664,30.0,31.666666666666664
VS Malik,205,261,6,13,84,34.166666666666664,7.639024390243903,43.5,34.166666666666664,40.97560975609756
VS Yeligati,30,59,0,2,6,5.0,11.8,,,20.0
VY Mahesh,339,499,21,17,120,56.5,8.831858407079647,23.761904761904763,16.142857142857142,35.39823008849557
Vijaykumar Vyshak,231,395,13,11,63,38.5,10.25974025974026,30.384615384615383,17.76923076923077,27.27272727272727
Vivrant Sharma,18,37,0,2,5,3.0,12.333333333333334,,,27.77777777777778
WA Mota,72,97,4,7,24,12.0,8.083333333333334,24.25,18.0,33.33333333333333
WD Parnell,723,937,35,33,296,120.5,7.775933609958506,26.771428571428572,20.65714285714286,40.94052558782849
WG Jacks,54,100,2,5,11,9.0,11.11111111111111,50.0,27.0,20.37037037037037
WPUJC Vaas,282,355,18,13,128,47.0,7.553191489361702,19.72222222222222,15.666666666666666,45.39007092198582
Washington Sundar,1054,1325,37,58,356,175.66666666666666,7.5426944971537,35.810810810810814,28.486486486486488,33.776091081593925
Y Gnaneswara Rao,6,7,0,1,3,1.0,7.0,,,50.0
Y Nagar,66,125,4,8,16,11.0,11.363636363636363,31.25,16.5,24.242424242424242
Y Prithvi Raj,30,57,1,2,8,5.0,11.4,57.0,30.0,26.666666666666668
Y Venugopal Rao,216,337,6,20,59,36.0,9.36111111111111,56.166666666666664,36.0,27.314814814814813
YA Abdulla,209,307,15,11,88,34.833333333333336,8.813397129186603,20.466666666666665,13.933333333333334,42.10526315789473
YBK Jaiswal,1,6,0,1,0,0.16666666666666666,36.0,,,0.0
YK Pathan,1147,1415,42,82,393,191.16666666666666,7.401918047079338,33.69047619047619,27.30952380952381,34.263295553618136
YS Chahal,3521,4602,205,159,1194,586.8333333333334,7.842090315251348,22.44878048780488,17.17560975609756,33.910820789548424
Yash Dayal,578,919,28,28,216,96.33333333333333,9.539792387543253,32.82142857142857,20.642857142857142,37.37024221453287
Yash Thakur,404,691,24,19,128,67.33333333333333,10.262376237623764,28.791666666666668,16.833333333333332,31.683168316831683
Yudhvir Singh,72,122,4,5,28,12.0,10.166666666666666,30.5,18.0,38.88888888888889
Yuvraj Singh,869,1077,36,73,258,144.83333333333334,7.436133486766398,29.916666666666668,24.13888888888889,29.689298043728424
Z Khan,2200,2782,102,99,873,366.6666666666667,7.587272727272727,27.274509803921568,21.568627450980394,39.68181818181818
