player,catches,caught_and_bowled,run_outs,stumpings,dismissals,fielding_impact
A Ashish Reddy,9,1,2,0,11,12.0
A Badoni,19,1,2,0,21,22.0
A Chandila,7,5,0,0,7,7.0
A Chopra,2,0,1,0,3,3.5
A Flintoff,4,1,0,0,4,4.0
A Kamboj,6,0,0,0,6,6.0
A Kumble,10,1,0,0,10,10.0
A Manohar,17,0,1,0,18,18.5
A Mhatre,4,0,0,0,4,4.0
A Mishra,23,4,9,0,32,36.5
A Mithun,7,0,1,0,8,8.5
A Mukund,3,0,1,0,4,4.5
A Nehra,19,2,1,0,20,20.5
A Nortje,11,1,0,0,11,11.0
A Raghuvanshi,11,0,1,1,13,13.7
A Singh,1,0,0,0,1,1.0
A Symonds,21,1,1,0,22,22.5
A Zampa,1,0,0,0,1,1.0
AA Bilakhia,1,0,0,0,1,1.0
AA Chavan,3,0,0,0,3,3.0
AA Jhunjhunwala,10,0,4,0,14,16.0
AB Agarkar,5,1,3,0,8,9.5
AB Dinda,7,0,4,0,11,13.0
AB de Villiers,120,0,13,8,141,149.1
AC Blizzard,4,0,0,0,4,4.0
AC Gilchrist,51,0,8,16,75,82.2
AC Thomas,3,0,1,0,4,4.5
AC Voges,1,0,3,0,4,5.5
AD Hales,2,0,0,0,2,2.0
AD Mascarenhas,3,1,0,0,3,3.0
AD Mathews,19,0,2,0,21,22.0
AD Nath,2,0,0,0,2,2.0
AD Russell,41,5,2,0,43,44.0
AF Milne,7,0,0,0,7,7.0
AG Murtaza,3,0,1,0,4,4.5
AG Paunikar,1,0,1,0,2,2.5
AJ Finch,29,0,3,0,32,33.5
AJ Hosein,2,0,0,0,2,2.0
AJ Tye,8,1,0,0,8,8.0
AK Markram,40,1,0,0,40,40.0
AL Menaria,5,1,0,0,5,5.0
AM Ghazanfar,1,0,0,0,1,1.0
AM Nayar,13,0,2,0,15,16.0
AM Rahane,85,0,9,0,94,98.5
AM Salvi,2,0,0,0,2,2.0
AN Ahmed,2,0,1,0,3,3.5
AN Ghosh,1,0,0,0,1,1.0
AP Dole,2,0,0,0,2,2.0
AP Tare,3,0,0,6,9,10.2
AR Patel,86,6,3,0,89,90.5
AS Joseph,4,1,1,0,5,5.5
AS Rajpoot,4,1,1,0,5,5.5
AS Raut,10,0,1,0,11,11.5
AS Roy,19,2,2,0,21,22.0
AS Yadav,1,0,1,0,2,2.5
AT Carey,2,0,0,0,2,2.0
AT Rayudu,64,0,9,2,75,79.9
AUK Pathan,2,0,1,0,3,3.5
AV Wankhade,1,0,0,0,1,1.0
Abdul Samad,33,0,0,0,33,33.0
Abhinandan Singh,2,0,0,0,2,2.0
Abhishek Sharma,35,0,0,0,35,35.0
Abishek Porel,9,0,3,0,12,13.5
Akash Deep,3,1,0,0,3,3.0
Akash Madhwal,1,0,0,0,1,1.0
Akash Singh,2,0,0,0,2,2.0
Akshat Raghuwanshi,1,0,0,0,1,1.0
Aman Hakim Khan,9,0,0,0,9,9.0
Anand Rajan,3,0,1,0,4,4.5
Aniket Verma,11,0,1,0,12,12.5
Anirudh Singh,3,0,0,0,3,3.0
Ankit Sharma,4,0,0,0,4,4.0
Ankit Soni,1,0,0,0,1,1.0
Anmolpreet Singh,2,0,0,0,2,2.0
Anuj Rawat,18,0,2,0,20,21.0
Anureet Singh,5,0,1,0,6,6.5
Arjun Tendulkar,1,0,0,0,1,1.0
Arshad Khan,9,1,0,0,9,9.0
Arshdeep Singh,20,4,1,0,21,21.5
Ashok Sharma,2,0,0,0,2,2.0
Ashutosh Sharma,6,0,0,0,6,6.0
Ashwani Kumar,2,0,0,0,2,2.0
Atharva Taide,5,0,0,0,5,5.0
Auqib Nabi,1,0,0,0,1,1.0
Avesh Khan,15,2,0,0,15,15.0
Azhar Mahmood,8,1,0,0,8,8.0
B Akhil,3,0,1,0,4,4.5
B Aparajith,1,0,0,0,1,1.0
B Chipli,4,0,0,0,4,4.0
B Geeves,3,0,0,0,3,3.0
B Indrajith,1,0,1,0,2,2.5
B Kumar,39,6,5,0,44,46.5
B Laughlin,1,0,0,0,1,1.0
B Lee,10,2,3,0,13,14.5
B Sai Sudharsan,14,0,1,0,15,15.5
B Stanlake,1,0,0,0,1,1.0
B Sumanth,4,0,0,0,4,4.0
BA Stokes,23,0,1,0,24,24.5
BAW Mendis,2,1,0,0,2,2.0
BB McCullum,38,0,7,6,51,55.7
BB Samantray,3,0,1,0,4,4.5
BB Sran,4,0,2,0,6,7.0
BCJ Cutting,10,0,2,0,12,13.0
BE Hendricks,3,0,0,0,3,3.0
BJ Dwarshuis,1,0,0,0,1,1.0
BJ Hodge,22,0,3,0,25,26.5
BJ Rohrer,3,0,2,0,5,6.0
BKG Mendis,1,0,0,0,1,1.0
BMAJ Mendis,2,0,1,0,3,3.5
BR Dunk,4,0,0,0,4,4.0
BR Sharath,1,0,0,0,1,1.0
BW Hilfenhaus,1,0,0,0,1,1.0
Basil Thampi,5,1,1,0,6,6.5
Bipul Sharma,7,0,3,0,10,11.5
Brijesh Sharma,1,0,0,0,1,1.0
C Bosch,6,0,1,0,7,7.5
C Connolly,4,0,1,0,5,5.5
C Green,18,0,1,0,19,19.5
C Munro,4,0,0,0,4,4.0
C Sakariya,6,0,0,0,6,6.0
C de Grandhomme,6,0,1,0,7,7.5
CA Ingram,1,0,0,0,1,1.0
CA Lynn,12,0,0,0,12,12.0
CA Pujara,6,0,0,0,6,6.0
CH Gayle,30,0,0,0,30,30.0
CH Morris,38,2,2,0,40,41.0
CJ Anderson,11,0,0,0,11,11.0
CJ Ferguson,2,0,0,0,2,2.0
CJ Green,1,0,0,0,1,1.0
CJ Jordan,15,1,1,0,16,16.5
CK Kapugedera,4,0,0,0,4,4.0
CL White,22,0,4,0,26,28.0
CM Gautam,3,0,0,4,7,7.8
CR Brathwaite,6,0,1,0,7,7.5
CR Woakes,7,1,0,0,7,7.0
CRD Fernando,3,1,0,0,3,3.0
CV Varun,18,3,2,0,20,21.0
D Brevis,22,0,1,0,23,23.5
D Ferreira,16,0,0,0,16,16.0
D Jansen,2,0,0,0,2,2.0
D Kalyankrishna,1,0,0,0,1,1.0
D Madushanka,2,0,0,0,2,2.0
D Padikkal,42,0,3,0,45,46.5
D Pretorius,3,0,0,0,3,3.0
D Salunkhe,2,0,0,0,2,2.0
D Wiese,9,1,0,0,9,9.0
DA Miller,92,0,6,0,98,101.0
DA Warner,88,0,9,0,97,101.5
DAJ Bracewell,1,0,1,0,2,2.5
DB Das,7,0,2,0,9,10.0
DB Ravi Teja,11,0,2,0,13,14.0
DE Bollinger,8,2,0,0,8,8.0
DG Nalkande,2,0,0,0,2,2.0
DH Yagnik,12,0,2,5,19,21.0
DJ Bravo,80,11,12,0,92,98.0
DJ Harris,5,0,0,0,5,5.0
DJ Hooda,59,0,4,0,63,65.0
DJ Hussey,25,0,4,0,29,31.0
DJ Jacobs,3,0,0,2,5,5.4
DJ Malan,1,0,0,0,1,1.0
DJ Mitchell,11,0,0,0,11,11.0
DJ Thornely,3,1,0,0,3,3.0
DJ Willey,4,0,0,0,4,4.0
DJG Sammy,9,0,0,0,9,9.0
DJM Short,2,0,0,0,2,2.0
DL Chahar,16,2,0,0,16,16.0
DL Vettori,11,0,1,0,12,12.5
DP Conway,10,0,1,0,11,11.5
DP Nannes,9,1,0,0,9,9.0
DPMD Jayawardene,33,0,6,0,39,42.0
DR Sams,11,0,0,0,11,11.0
DR Shorey,6,0,0,0,6,6.0
DR Smith,41,0,2,0,43,44.0
DS Kulkarni,22,4,1,0,23,23.5
DS Rathi,7,0,0,0,7,7.0
DT Christian,30,2,3,0,33,34.5
DT Patil,2,0,0,0,2,2.0
DW Steyn,24,2,4,0,28,30.0
Dhruv Jurel,37,0,5,1,43,45.7
E Lewis,9,0,0,0,9,9.0
E Malinga,8,3,2,0,10,11.0
EJG Morgan,36,0,6,0,42,45.0
ER Dwivedi,2,0,0,0,2,2.0
F Behardien,1,0,0,0,1,1.0
F du Plessis,86,0,5,0,91,93.5
FA Allen,2,0,0,0,2,2.0
FH Allen,1,0,0,0,1,1.0
FY Fazal,7,0,0,0,7,7.0
Fazalhaq Farooqi,1,0,0,0,1,1.0
G Coetzee,4,1,0,0,4,4.0
G Gambhir,28,0,7,0,35,38.5
GB Hogg,4,0,1,0,5,5.5
GC Smith,7,0,0,0,7,7.0
GD McGrath,2,0,0,0,2,2.0
GD Phillips,11,0,0,0,11,11.0
GH Vihari,6,0,2,0,8,9.0
GHS Garton,1,0,0,0,1,1.0
GJ Bailey,12,0,5,0,17,19.5
GJ Maxwell,52,0,6,0,58,61.0
Gulbadin Naib,1,0,0,0,1,1.0
Gurjapneet Singh,5,0,0,0,5,5.0
Gurkeerat Singh,20,0,0,1,21,21.2
H Klaasen,35,0,6,7,48,52.4
HC Brook,3,0,0,0,3,3.0
HH Gibbs,22,0,5,0,27,29.5
HH Pandya,75,7,6,0,81,84.0
HR Shokeen,5,0,0,0,5,5.0
HV Patel,28,2,5,0,33,35.5
Harbhajan Singh,49,11,8,0,57,61.0
Harmeet Singh,5,2,0,0,5,5.0
Harpreet Brar,15,0,0,0,15,15.0
Harpreet Singh,3,0,0,0,3,3.0
Harsh Dubey,4,1,0,0,4,4.0
Harshit Rana,12,1,0,0,12,12.0
Himmat Singh,2,0,0,0,2,2.0
I Sharma,20,0,3,0,23,24.5
I Udana,3,0,0,0,3,3.0
IC Pandey,6,0,0,0,6,6.0
IK Pathan,31,3,6,0,37,40.0
IR Jaggi,2,0,0,0,2,2.0
Imran Tahir,13,5,0,0,13,13.0
Iqbal Abdulla,14,2,3,0,17,18.5
Ishan Kishan,68,0,14,6,88,96.2
J Botha,18,2,3,0,21,22.5
J Fraser-McGurk,8,0,2,0,10,11.0
J Little,5,0,0,0,5,5.0
J Overton,1,0,0,0,1,1.0
J Suchith,18,1,2,0,20,21.0
J Syed Mohammad,1,0,0,0,1,1.0
J Theron,1,0,2,0,3,4.0
J Yadav,9,2,0,0,9,9.0
JA Duffy,1,0,0,0,1,1.0
JA Morkel,19,2,4,0,23,25.0
JA Richardson,1,0,0,0,1,1.0
JC Archer,19,3,1,0,20,20.5
JC Buttler,88,0,5,4,97,100.3
JD Ryder,10,0,0,0,10,10.0
JD Unadkat,30,8,6,0,36,39.0
JDP Oram,8,1,1,0,9,9.5
JDS Neesham,2,0,0,0,2,2.0
JE Root,2,0,0,0,2,2.0
JEC Franklin,6,0,0,0,6,6.0
JG Bethell,5,0,0,0,5,5.0
JH Kallis,31,1,3,0,34,35.5
JJ Bumrah,19,4,4,0,23,25.0
JJ Roy,10,0,0,0,10,10.0
JL Pattinson,2,0,0,0,2,2.0
JM Bairstow,29,0,3,4,36,38.3
JM Cox,1,0,0,0,1,1.0
JM Kemp,1,0,0,0,1,1.0
JM Sharma,59,0,5,7,71,74.9
JO Holder,22,0,0,0,22,22.0
JP Behrendorff,2,0,0,0,2,2.0
JP Duminy,32,2,3,0,35,36.5
JP Faulkner,16,0,5,0,21,23.5
JP Inglis,10,0,0,1,11,11.2
JPR Scantlebury-Searles,4,0,0,0,4,4.0
JR Hazlewood,11,3,0,0,11,11.0
JR Hopes,6,1,0,0,6,6.0
Joginder Sharma,5,0,1,0,6,6.5
K Goel,9,0,1,0,10,10.5
K Gowtham,22,1,0,0,22,22.0
K Kartikeya,1,0,0,0,1,1.0
K Khejroliya,1,0,0,0,1,1.0
K Rabada,37,6,2,0,39,40.0
K Santokie,1,0,0,0,1,1.0
K Upadhyay,1,0,0,0,1,1.0
KA Jamieson,2,0,0,0,2,2.0
KA Maharaj,1,0,0,0,1,1.0
KA Pollard,103,6,9,0,112,116.5
KAJ Roach,1,0,0,0,1,1.0
KB Arun Karthik,12,0,0,2,14,14.4
KC Cariappa,3,1,0,0,3,3.0
KC Sangakkara,45,0,4,9,58,61.8
KD Karthik,145,0,17,37,199,214.9
KH Pandya,54,5,1,0,55,55.5
KK Ahmed,5,0,2,0,7,8.0
KK Cooper,12,1,3,0,15,16.5
KK Nair,29,0,7,0,36,39.5
KL Nagarkoti,9,0,0,0,9,9.0
KL Rahul,83,0,8,8,99,104.6
KM Asif,1,0,0,0,1,1.0
KM Jadhav,31,0,1,7,39,40.9
KMA Paul,6,0,0,0,6,6.0
KMDN Kulasekara,4,1,0,0,4,4.0
KP Appanna,3,0,3,0,6,7.5
KP Pietersen,12,0,2,0,14,15.0
KR Mayers,2,0,0,0,2,2.0
KR Sen,4,1,0,0,4,4.0
KS Bharat,5,0,0,1,6,6.2
KS Williamson,40,0,1,0,41,41.5
KT Maphaka,2,0,0,0,2,2.0
KV Sharma,23,5,2,0,25,26.0
KW Richardson,6,1,1,0,7,7.5
Kamran Akmal,5,0,0,4,9,9.8
Kamran Khan,4,0,1,0,5,5.5
Karanveer Singh,2,0,0,0,2,2.0
Kartik Sharma,1,0,0,0,1,1.0
Kartik Tyagi,7,1,0,0,7,7.0
Krish Bhagat,1,0,0,0,1,1.0
Kuldeep Yadav,22,8,2,0,24,25.0
Kumar Kushagra,2,0,0,0,2,2.0
L Balaji,11,2,3,0,14,15.5
L Ngidi,2,1,0,0,2,2.0
L Ronchi,4,0,0,0,4,4.0
LA Carseldine,4,0,0,0,4,4.0
LA Pomersbach,8,0,0,0,8,8.0
LB Williams,1,0,0,0,1,1.0
LE Plunkett,2,0,0,0,2,2.0
LH Ferguson,9,0,2,0,11,12.0
LJ Wright,2,0,2,0,4,5.0
LMP Simmons,10,0,1,0,11,11.5
LPC Silva,3,0,1,0,4,4.5
LR Shukla,16,1,6,0,22,25.0
LRPL Taylor,18,0,1,0,19,19.5
LS Livingstone,27,2,0,0,27,27.0
Lalit Yadav,19,1,1,0,20,20.5
M Ashwin,8,1,0,0,8,8.0
M Jansen,28,2,0,0,28,28.0
M Kaif,16,0,1,0,17,17.5
M Kartik,20,2,1,0,21,21.5
M Manhas,20,0,2,0,22,23.0
M Markande,9,1,0,0,9,9.0
M Morkel,11,0,3,0,14,15.5
M Muralitharan,15,1,3,0,18,19.5
M Ntini,1,0,2,0,3,4.0
M Pathirana,9,0,0,0,9,9.0
M Prasidh Krishna,19,1,2,0,21,22.0
M Rawat,16,0,3,2,21,22.9
M Shahrukh Khan,28,0,1,0,29,29.5
M Siddharth,3,0,0,0,3,3.0
M Theekshana,4,0,0,0,4,4.0
M Tiwari,3,0,0,0,3,3.0
M Vijay,48,0,1,0,49,49.5
M Vohra,13,0,1,0,14,14.5
MA Agarwal,59,0,2,0,61,62.0
MA Starc,33,3,1,0,34,34.5
MA Wood,3,0,0,0,3,3.0
MC Henriques,30,1,1,0,31,31.5
MD Choudhary,3,0,0,0,3,3.0
MD Mishra,1,0,0,0,1,1.0
MD Shanaka,4,0,0,0,4,4.0
MEK Hussey,26,0,1,0,27,27.5
MF Maharoof,4,0,1,0,5,5.5
MG Bracewell,1,0,0,0,1,1.0
MG Johnson,15,0,4,0,19,21.0
MJ Clarke,1,0,0,0,1,1.0
MJ Guptill,7,0,0,0,7,7.0
MJ Henry,1,0,0,0,1,1.0
MJ Lumb,5,0,0,0,5,5.0
MJ McClenaghan,1,0,1,0,2,2.5
MJ Owen,2,0,0,0,2,2.0
MJ Santner,17,3,3,0,20,21.5
MJ Suthar,2,0,0,0,2,2.0
MK Lomror,12,0,0,0,12,12.0
MK Pandey,89,0,13,0,102,108.5
MK Tiwary,47,0,3,0,50,51.5
ML Hayden,11,0,3,0,14,15.5
MM Ali,24,2,2,0,26,27.0
MM Patel,15,3,1,0,16,16.5
MM Sharma,29,4,3,0,32,33.5
MN Samuels,2,0,0,0,2,2.0
MN van Wyk,7,0,0,0,7,7.0
MP Stoinis,26,0,0,0,26,26.0
MP Yadav,3,0,0,0,3,3.0
MR Marsh,15,0,1,0,16,16.5
MS Bhandage,2,0,0,0,2,2.0
MS Bisla,20,0,3,7,30,32.9
MS Dhoni,158,0,27,47,232,254.9
MS Gony,6,2,1,0,7,7.5
MS Wade,8,0,1,1,10,10.7
MV Boucher,14,0,1,3,18,19.1
MW Short,7,0,0,0,7,7.0
Mandeep Singh,38,0,2,0,40,41.0
Mayank Dagar,3,0,0,0,3,3.0
Milind Kumar,1,0,0,0,1,1.0
Misbah-ul-Haq,1,0,0,0,1,1.0
Mohammad Ashraful,2,0,0,0,2,2.0
Mohammad Hafeez,1,0,1,0,2,2.5
Mohammad Nabi,18,0,0,0,18,18.0
Mohammed Shami,24,2,6,0,30,33.0
Mohammed Siraj,38,1,1,0,39,39.5
Mohsin Khan,4,0,0,0,4,4.0
Mujeeb Ur Rahman,2,0,0,0,2,2.0
Mukesh Choudhary,6,1,1,0,7,7.5
Mukesh Kumar,12,5,1,0,13,13.5
Mustafizur Rahman,7,2,0,0,7,7.0
N Burger,6,1,0,0,6,6.0
N Jagadeesan,1,0,0,0,1,1.0
N Pooran,45,0,5,4,54,57.3
N Rana,29,0,2,0,31,32.0
N Saini,11,0,1,2,14,14.9
N Sindhu,3,0,0,0,3,3.0
N Thushara,1,0,1,0,2,2.5
N Wadhera,14,0,1,0,15,15.5
NJ Maddinson,1,0,0,0,1,1.0
NK Patel,6,0,0,0,6,6.0
NL McCullum,1,0,0,0,1,1.0
NLTC Perera,13,0,4,0,17,19.0
NM Coulter-Nile,12,2,2,0,14,15.0
NS Naik,3,0,0,0,3,3.0
NT Ellis,3,1,0,0,3,3.0
NV Ojha,65,0,7,10,82,87.5
Naman Dhir,24,0,1,0,25,25.5
Navdeep Saini,8,0,0,0,8,8.0
Naveen-ul-Haq,6,0,0,0,6,6.0
Nithish Kumar Reddy,23,1,1,0,24,24.5
Noor Ahmad,13,1,0,0,13,13.0
O Thomas,1,0,0,0,1,1.0
OA Shah,7,0,1,0,8,8.5
OC McCoy,1,0,0,0,1,1.0
OF Smith,2,0,0,0,2,2.0
P Amarnath,2,0,0,0,2,2.0
P Awana,4,0,1,0,5,5.5
P Chopra,1,0,0,0,1,1.0
P Dogra,5,0,1,0,6,6.5
P Dubey,4,0,0,0,4,4.0
P Kumar,14,1,4,0,18,20.0
P Negi,18,2,4,0,22,24.0
P Nissanka,2,0,0,0,2,2.0
P Simran Singh,13,0,1,2,16,16.9
P Suyal,1,0,0,0,1,1.0
PA Patel,69,0,10,16,95,103.2
PA Reddy,2,0,1,0,3,3.5
PBB Rajapaksa,4,0,0,0,4,4.0
PC Valthaty,3,0,0,0,3,3.0
PD Collingwood,4,1,0,0,4,4.0
PD Salt,32,0,3,0,35,36.5
PHKD Mendis,1,0,0,0,1,1.0
PJ Cummins,22,0,2,0,24,25.0
PJ Sangwan,8,0,2,0,10,11.0
PK Garg,11,0,0,0,11,11.0
PN Mankad,6,0,0,0,6,6.0
PP Chawla,44,7,7,0,51,54.5
PP Hinge,3,1,0,0,3,3.0
PP Ojha,14,0,0,0,14,14.0
PP Shaw,18,0,0,0,18,18.0
PR Shah,10,0,1,3,14,15.1
PV Tambe,4,3,0,0,4,4.0
PVD Chameera,3,0,0,0,3,3.0
PVSN Raju,1,0,0,0,1,1.0
PWA Mulder,1,0,0,0,1,1.0
PWH de Silva,5,2,3,0,8,9.5
Pankaj Singh,2,0,0,0,2,2.0
Parvez Rasool,3,0,0,0,3,3.0
Prince Yadav,6,1,1,0,7,7.5
Priyansh Arya,10,0,0,0,10,10.0
Q de Kock,75,0,4,17,96,101.4
R Ashwin,51,7,3,0,54,55.5
R Bhatia,25,2,3,0,28,29.5
R Bishnoi,1,0,0,0,1,1.0
R Dhawan,13,0,3,0,16,17.5
R Dravid,18,0,8,0,26,30.0
R Goyal,1,0,0,0,1,1.0
R McLaren,5,0,1,0,6,6.5
R Ninan,1,0,0,0,1,1.0
R Parag,49,0,2,0,51,52.0
R Powell,26,0,0,0,26,26.0
R Rampaul,4,0,0,0,4,4.0
R Ravindra,10,0,1,0,11,11.5
R Sai Kishore,10,2,0,0,10,10.0
R Sathish,9,1,7,0,16,19.5
R Sharma,12,2,0,0,12,12.0
R Shepherd,7,0,0,0,7,7.0
R Shukla,3,0,3,0,6,7.5
R Smaran,4,0,0,0,4,4.0
R Tewatia,47,0,2,0,49,50.0
R Vinay Kumar,36,4,7,0,43,46.5
RA Bawa,6,0,1,0,7,7.5
RA Jadeja,111,7,20,0,131,141.0
RA Tripathi,34,0,1,0,35,35.5
RD Chahar,25,4,0,0,25,25.0
RD Gaikwad,44,0,3,0,47,48.5
RD Rickelton,20,0,3,5,28,30.5
RE Levi,2,0,0,0,2,2.0
RE van der Merwe,8,2,2,0,10,11.0
RG More,1,0,0,0,1,1.0
RG Sharma,102,1,11,0,113,118.5
RJ Harris,20,2,0,0,20,20.0
RJ Peterson,1,0,0,0,1,1.0
RJ Quiney,2,0,0,0,2,2.0
RJW Topley,2,0,0,0,2,2.0
RK Singh,52,0,2,0,54,55.0
RM Patidar,20,0,0,0,20,20.0
RN ten Doeschate,8,1,2,0,10,11.0
RP Meredith,2,0,0,0,2,2.0
RP Singh,29,2,7,0,36,39.5
RR Bhatkal,1,0,0,0,1,1.0
RR Pant,90,0,4,24,118,124.8
RR Powar,5,0,0,0,5,5.0
RR Raje,3,0,1,0,4,4.5
RR Rossouw,10,0,0,0,10,10.0
RR Sarwan,1,0,0,0,1,1.0
RS Bopara,7,3,0,0,7,7.0
RS Ghosh,1,0,0,0,1,1.0
RS Sodhi,2,0,0,0,2,2.0
RT Ponting,4,0,0,0,4,4.0
RV Gomez,3,0,1,0,4,4.5
RV Patel,3,0,0,0,3,3.0
RV Uthappa,92,0,9,32,133,143.9
Rahmanullah Gurbaz,17,0,1,0,18,18.5
Ramandeep Singh,22,1,2,0,24,25.0
Rashid Khan,53,2,3,0,56,57.5
Rasikh Salam,6,1,0,0,6,6.0
Ravi Bishnoi,31,4,3,0,34,35.5
S Anirudha,11,0,1,0,12,12.5
S Aravind,8,3,0,0,8,8.0
S Arora,3,0,0,0,3,3.0
S Badree,2,0,0,0,2,2.0
S Badrinath,16,0,5,0,21,23.5
S Dhawan,100,0,2,0,102,103.0
S Dube,27,0,0,0,27,27.0
S Gopal,12,7,0,0,12,12.0
S Kaul,8,0,0,0,8,8.0
S Ladda,1,0,2,0,3,4.0
S Lamichhane,2,1,0,0,2,2.0
S Midhun,1,0,0,0,1,1.0
S Nadeem,16,5,4,0,20,22.0
S Narwal,1,0,1,0,2,2.5
S Rana,3,0,0,0,3,3.0
S Randiv,2,0,1,0,3,3.5
S Sandeep Warrier,1,0,0,0,1,1.0
S Sohal,2,0,0,0,2,2.0
S Sreesanth,3,0,0,0,3,3.0
S Tyagi,3,0,0,0,3,3.0
S Vidyut,1,0,0,0,1,1.0
SA Asnodkar,6,0,0,0,6,6.0
SA Yadav,77,0,2,0,79,80.0
SB Bangar,2,0,2,0,4,5.0
SB Dubey,1,0,0,0,1,1.0
SB Jakati,21,2,2,0,23,24.0
SB Styris,2,0,1,0,3,3.5
SB Wagh,1,0,1,0,2,2.5
SC Ganguly,22,0,1,0,23,23.5
SD Chitnis,2,0,0,0,2,2.0
SD Hope,6,0,1,0,7,7.5
SE Marsh,26,0,3,0,29,30.5
SE Rutherford,7,0,0,0,7,7.0
SH Johnson,4,1,0,0,4,4.0
SJ Srivastava,3,1,0,0,3,3.0
SK Raina,109,3,13,0,122,128.5
SK Rasheed,2,0,0,0,2,2.0
SK Trivedi,14,2,3,0,17,18.5
SK Warne,16,5,2,0,18,19.0
SL Malinga,21,6,6,0,27,30.0
SM Curran,25,1,0,0,25,25.0
SM Harwood,2,0,0,0,2,2.0
SM Katich,2,0,2,0,4,5.0
SM Pollock,2,0,0,0,2,2.0
SMSM Senanayake,2,0,0,0,2,2.0
SN Khan,16,0,2,0,18,19.0
SN Thakur,36,3,2,0,38,39.0
SO Hetmyer,50,0,1,0,51,51.5
SP Fleming,2,0,0,0,2,2.0
SP Goswami,18,0,3,7,28,30.9
SP Jackson,7,0,1,2,10,10.9
SP Narine,39,10,3,0,42,43.5
SPD Smith,54,0,10,0,64,69.0
SR Tendulkar,23,0,3,0,26,27.5
SR Watson,40,2,6,0,46,49.0
SS Iyer,64,0,8,0,72,76.0
SS Prabhudessai,10,0,3,0,13,14.5
SS Shaikh,2,0,0,0,2,2.0
SS Tiwary,25,0,4,0,29,31.0
SSB Magala,1,0,0,0,1,1.0
ST Jayasuriya,4,0,2,0,6,7.0
STR Binny,19,0,4,0,23,25.0
SU Parakh,1,0,0,0,1,1.0
SV Samson,90,0,18,19,127,139.8
SW Billings,19,0,1,1,21,21.7
SW Tait,6,1,1,0,7,7.5
Sachin Baby,5,0,1,0,6,6.5
Sakib Hussain,1,0,0,0,1,1.0
Salman Butt,2,0,0,0,2,2.0
Sameer Rizvi,9,0,1,0,10,10.5
Sandeep Sharma,25,6,1,0,26,26.5
Sanvir Singh,3,0,0,0,3,3.0
Shahbaz Ahmed,21,1,2,0,23,24.0
Shahid Afridi,4,0,0,0,4,4.0
Shakib Al Hasan,15,2,5,0,20,22.5
Shashank Singh,18,0,1,0,19,19.5
Shivam Mavi,18,1,0,0,18,18.0
Shivam Sharma,1,0,0,0,1,1.0
Shivam Singh,2,0,0,0,2,2.0
Shoaib Ahmed,4,0,0,0,4,4.0
Shoaib Malik,7,1,0,0,7,7.0
Shubman Gill,57,0,2,0,59,60.0
Sikandar Raza,5,0,0,0,5,5.0
Simarjeet Singh,3,0,0,0,3,3.0
Sohail Tanvir,4,0,2,0,6,7.0
Sumit Kumar,1,0,2,0,3,4.0
Sunny Singh,1,0,0,0,1,1.0
Suryansh Shedge,4,0,0,0,4,4.0
Suyash Sharma,2,0,0,0,2,2.0
Swapnil Singh,3,1,1,0,4,4.5
T Dahiya,1,0,0,0,1,1.0
T Kohler-Cadmore,1,0,0,0,1,1.0
T Kohli,5,0,0,0,5,5.0
T Mishra,1,0,0,0,1,1.0
T Natarajan,11,1,3,0,14,15.5
T Stubbs,24,0,1,1,26,26.7
T Taibu,1,0,0,0,1,1.0
T Thushara,3,0,0,0,3,3.0
T Vijay,2,0,0,0,2,2.0
TA Boult,36,3,3,0,39,40.5
TG Southee,23,2,2,0,25,26.0
TH David,32,0,3,0,35,36.5
TK Curran,2,0,0,0,2,2.0
TL Seifert,3,0,1,1,5,5.7
TL Suman,10,0,5,0,15,17.5
TM Dilshan,21,0,3,0,24,25.5
TM Head,6,0,0,0,6,6.0
TM Srivastava,2,0,2,0,4,5.0
TS Mills,1,0,0,0,1,1.0
TU Deshpande,10,0,0,0,10,10.0
Tanay Thyagarajan,1,0,1,0,2,2.5
Tilak Varma,44,0,1,0,45,45.5
U Kaul,2,0,1,0,3,3.5
UA Birla,1,0,0,0,1,1.0
UBT Chand,9,0,0,0,9,9.0
UT Khawaja,1,0,0,0,1,1.0
UT Yadav,38,2,4,0,42,44.0
Umran Malik,6,2,1,0,7,7.5
Urvil Patel,8,0,0,0,8,8.0
V Kohli,126,0,18,0,144,153.0
V Nigam,3,0,1,0,4,4.5
V Puthur,2,1,0,0,2,2.0
V Sehwag,34,0,8,0,42,46.0
V Shankar,36,1,3,0,39,40.5
V Suryavanshi,2,0,0,0,2,2.0
V Viyaskanth,2,0,0,0,2,2.0
VG Arora,11,0,0,0,11,11.0
VR Aaron,3,0,1,0,4,4.5
VR Iyer,23,0,3,0,26,27.5
VRV Singh,3,0,0,0,3,3.0
VS Malik,2,0,0,0,2,2.0
VVS Laxman,4,0,1,0,5,5.5
VY Mahesh,6,0,0,0,6,6.0
Vijaykumar Vyshak,6,0,1,0,7,7.5
Virat Singh,2,0,0,0,2,2.0
Vishnu Vinod,1,0,0,2,3,3.4
W Jaffer,4,0,1,0,5,5.5
W O'Rourke,1,0,0,0,1,1.0
WA Mota,5,0,0,0,5,5.0
WD Parnell,10,0,1,0,11,11.5
WG Jacks,11,0,0,0,11,11.0
WP Saha,93,0,12,26,131,142.2
Washington Sundar,21,1,0,0,21,21.0
XC Bartlett,15,0,0,0,15,15.0
Y Gnaneswara Rao,2,0,0,0,2,2.0
Y Nagar,8,1,4,0,12,14.0
Y Venugopal Rao,13,0,1,0,14,14.5
YBK Jaiswal,32,0,3,0,35,36.5
YK Pathan,43,2,9,0,52,56.5
YS Chahal,35,4,3,0,38,39.5
YV Dhull,2,0,1,0,3,3.5
YV Takawale,13,0,4,4,21,23.8
Yash Dayal,8,0,1,0,9,9.5
Yash Thakur,2,0,1,0,3,3.5
Yashpal Singh,3,0,0,0,3,3.0
Younis Khan,1,0,0,0,1,1.0
Yuvraj Singh,31,2,8,0,39,43.0
Z Khan,21,1,4,0,25,27.0
Zeeshan Ansari,4,1,0,0,4,4.0
Azmatullah Omarzai,1,1,0,0,1,1.0
BA Bhatt,1,1,0,0,1,1.0
DNT Zoysa,1,1,0,0,1,1.0
Mohammad Asif,1,1,0,0,1,1.0
P Parameswaran,1,1,0,0,1,1.0
Raghu Sharma,1,1,0,0,1,1.0
SA Abbott,1,1,0,0,1,1.0
SE Bond,1,1,0,0,1,1.0
SS Agarwal,1,1,0,0,1,1.0
T Shamsi,1,1,0,0,1,1.0
HE van der Dussen,0,0,1,0,1,1.5
Mashrafe Mortaza,0,0,1,0,1,1.5
Ravi Singh,0,0,1,0,1,1.5
Shivang Kumar,0,0,1,0,1,1.5
Sonu Yadav,0,0,1,0,1,1.5
Subhransu Senapati,0,0,1,0,1,1.5
Tanush Kotian,0,0,1,0,1,1.5
Umar Gul,0,0,1,0,1,1.5
WPUJC Vaas,0,0,1,0,1,1.5
KH Devdhar,0,0,0,1,1,1.2
