player,impact_score,batting_score,bowling_score,fielding_score
A Ashish Reddy,21.59,14.418189379137436,29.72739620758046,21.428571428571427
A Badoni,20.19,27.117226281069573,9.58987108546862,27.67857142857143
A Chandila,14.28,1.7478808814386533,29.0490529959754,12.5
A Chopra,2.75,4.035100119884092,0.0,6.25
A Choudhary,10.33,4.425826819055674,20.83521774524606,0.0
A Dananjaya,4.25,2.389305058113389,7.9420032243396275,0.0
A Flintoff,8.79,5.5638252551489975,13.034417114446878,7.142857142857142
A Kamboj,7.17,2.8783909928278746,12.67590662406916,5.357142857142857
A Kumble,29.0,3.3645768714244157,62.015046734688326,17.857142857142858
A Manohar,8.6,12.264472619522095,0.0,20.535714285714285
A Mishra,57.2,16.494897582945057,100.0,65.17857142857143
A Mithun,11.86,4.924472441018677,18.41918777349309,15.178571428571427
A Mukund,2.61,3.1130939302020386,0.0,8.035714285714286
A Nehra,47.03,3.4209289422652542,100.0,36.607142857142854
A Nel,5.94,0.0,14.85637122030822,0.0
A Nortje,35.2,4.598209566537008,76.12255045486638,17.857142857142858
A Raghuvanshi,5.75,10.397753163971075,0.0,7.142857142857142
A Singh,18.3,0.6957670583096781,44.30377090226563,1.7857142857142856
A Symonds,37.71,39.600597741869926,34.66416669838803,40.17857142857143
A Tomar,0.7,1.551444727332016,0.0,0.0
A Uniyal,4.51,1.7478808814386533,9.31653054756688,0.0
A Zampa,18.04,2.299104783268504,41.83344243729824,1.7857142857142856
AA Bilakhia,2.43,4.814690226164731,0.0,1.7857142857142856
AA Chavan,11.89,3.5023217828660256,23.77325649730343,5.357142857142857
AA Jhunjhunwala,14.28,10.87933279901036,12.756914596684855,28.57142857142857
AA Kazi,2.16,0.0,5.3989972658072345,0.0
AA Kulkarni,1.57,3.489748411220982,0.0,0.0
AA Noffke,5.2,2.8543375862025715,9.796441415638636,0.0
AB Agarkar,23.83,9.897180355893953,42.07467646462998,16.964285714285715
AB Barath,1.96,4.353666599179766,0.0,0.0
AB Dinda,39.4,2.46614232927755,87.01740061110284,23.214285714285715
AB McDonald,12.22,7.973704296287804,21.5737771997698,0.0
AB de Villiers,60.0,100.0,0.0,100.0
AC Blizzard,4.75,8.179494552970947,0.0,7.142857142857142
AC Gilchrist,66.72,80.6294302957991,38.591093499943895,100.0
AC Thomas,14.84,3.6915649325990683,29.92139933977807,8.035714285714286
AC Voges,10.27,10.178655972154118,10.537173407662431,9.821428571428571
AD Hales,4.59,9.013894208440133,0.0,3.571428571428571
AD Mascarenhas,17.6,5.724607984486006,35.557980938494346,5.357142857142857
AD Mathews,34.98,30.192909234176458,38.749287611735596,39.285714285714285
AD Nath,3.18,5.8764763186245155,0.0,3.571428571428571
AD Russell,94.51,97.92867827211391,100.0,69.64285714285714
AF Milne,11.0,3.067500534571632,19.368349863701166,12.5
AG Murtaza,12.03,2.3692605525923036,24.3936512827836,8.035714285714286
AG Paunikar,2.61,4.3041020037094455,0.0,4.464285714285714
AJ Finch,50.2,80.8860541775182,12.06740487628152,59.82142857142857
AJ Hosein,5.58,5.083286600147277,8.231514671926393,0.0
AJ Turner,1.48,3.2953167076664522,0.0,0.0
AJ Tye,27.12,6.772370265390746,54.83137779633399,14.285714285714285
AK Markram,29.64,40.2680053281226,12.063127871035393,44.642857142857146
AL Menaria,16.28,17.959627806146,17.137370504325155,8.928571428571429
AM Nayar,25.17,27.997934432731014,20.720313460873978,28.57142857142857
AM Rahane,66.11,100.0,15.273685018631483,100.0
AM Salvi,9.26,0.0,21.815078807348655,3.571428571428571
AN Ahmed,13.48,5.212496566506275,25.486833671840003,6.25
AN Ghosh,1.49,2.712021597002865,0.0,1.7857142857142856
AP Dole,9.38,5.587679248168774,15.83421332501569,3.571428571428571
AP Majumdar,2.88,6.403481032204453,0.0,0.0
AP Tare,9.94,16.021278490863608,0.0,18.21428571428571
AR Bawne,1.46,3.2432009933116297,0.0,0.0
AR Patel,84.12,64.70391537344378,100.0,100.0
AS Joseph,17.1,3.353946886315627,35.2932087077798,9.821428571428571
AS Rajpoot,17.96,2.737688341877426,38.1422843206151,9.821428571428571
AS Raut,10.74,10.395776719714105,7.4490513000702725,20.535714285714285
AS Roy,12.02,3.9901928990640823,18.532875098698067,18.75
AS Yadav,3.07,5.337800424097059,0.0,4.464285714285714
AT Carey,2.45,4.263120729412103,0.0,3.571428571428571
AT Rayudu,60.0,100.0,0.0,100.0
AU Rashid,7.97,4.929612057818955,14.381676774715505,0.0
AUK Pathan,7.01,6.20961351038427,8.185770659417884,6.25
AV Wankhade,0.27,0.0,0.0,1.7857142857142856
Abdul Basith,1.28,2.842310882889921,0.0,0.0
Abdul Samad,21.91,25.595551516062876,7.8907084032957275,48.214285714285715
Abdur Razzak,5.16,0.0,12.910645635625997,0.0
Abhishek Sharma,37.95,55.44959460266901,21.109122965185133,30.357142857142854
Abishek Porel,9.94,17.616476184220716,0.0,13.392857142857142
Akash Deep,10.49,5.148765318182822,18.41537087899623,5.357142857142857
Akash Madhwal,13.76,2.389305058113389,31.03261678787053,1.7857142857142856
Akash Singh,7.88,0.0,19.024065980084472,1.7857142857142856
Aman Hakim Khan,7.41,7.356487714742379,4.225302208023053,16.071428571428573
Anand Rajan,10.37,0.0,22.899604549333397,8.035714285714286
Anirudh Singh,3.05,4.987801864755924,0.0,5.357142857142857
Ankit Sharma,14.97,6.859050286280932,27.029482943086947,7.142857142857142
Ankit Soni,7.43,2.4472114073965248,15.162273720180044,1.7857142857142856
Anmolpreet Singh,4.37,8.519263446557348,0.0,3.571428571428571
Anuj Rawat,12.41,15.088332616624722,0.0,37.5
Anureet Singh,15.73,3.468381821293186,31.072000332994854,11.607142857142858
Arjun Tendulkar,9.32,4.534512582325559,18.203313632271414,0.0
Arshad Khan,10.95,7.7004822671850075,16.71248333822363,5.357142857142857
Arshad Khan (2),6.04,3.692197916983945,10.954487205985693,0.0
Arshdeep Singh,41.14,3.0968761030077063,91.32453553505904,21.428571428571427
Ashutosh Sharma,5.87,11.861245030713599,0.0,3.571428571428571
Atharva Taide,7.3,13.242068497413104,0.0,8.928571428571429
Avesh Khan,41.76,6.129609788347939,90.14822049217327,19.642857142857142
Azhar Mahmood,27.91,17.905234169465466,44.26784340624128,14.285714285714285
Azmatullah Omarzai,10.12,5.119002264530302,19.542209012909446,0.0
B Akhil,11.67,6.699967081811553,18.626623807819204,8.035714285714286
B Aparajith,0.27,0.0,0.0,1.7857142857142856
B Chipli,7.5,13.441845402439922,0.9389560462273445,7.142857142857142
B Geeves,5.4,0.0,11.4982992494257,5.357142857142857
B Indrajith,1.9,2.7300616519718424,0.0,4.464285714285714
B Kumar,57.08,13.839034988765434,100.0,72.32142857142857
B Laughlin,8.46,1.2597200777482183,19.058572128781233,1.7857142857142856
B Lee,24.55,8.226933216037517,42.41845719313726,25.892857142857146
B Sai Sudharsan,19.71,42.020346874140685,0.0,5.357142857142857
B Stanlake,13.14,7.199986383173903,24.079006163252366,1.7857142857142856
B Sumanth,2.84,3.9293731742037075,0.0,7.142857142857142
BA Bhatt,11.25,2.6338480254706313,24.48539367124791,1.7857142857142856
BA Stokes,40.31,38.21976716903054,41.36158166169327,43.75
BAW Mendis,9.43,1.5113557162898452,20.53209542287244,3.571428571428571
BB McCullum,59.92,100.0,0.0,99.46428571428572
BB Samantray,4.67,7.6904204439234345,0.0,8.035714285714286
BB Sran,15.53,2.5194401554964365,31.309032519482166,12.5
BCJ Cutting,17.76,13.612465370712309,20.388600742813235,23.214285714285715
BE Hendricks,10.03,0.9714903675886092,21.97157148171988,5.357142857142857
BJ Haddin,2.37,5.261500476507473,0.0,0.0
BJ Hodge,43.88,55.05141244472983,30.017702524006516,47.32142857142857
BJ Rohrer,8.41,10.948934417916838,4.6947802311367255,10.714285714285714
BMAJ Mendis,8.58,3.220335409235725,15.492774762751196,6.25
BR Dunk,3.18,4.67838758862135,0.0,7.142857142857142
BR Sharath,0.81,1.1946525290566945,0.0,1.7857142857142856
BW Hilfenhaus,16.52,0.0,40.63105123263459,1.7857142857142856
Basil Thampi,16.69,3.7362958291303325,33.17500519158057,11.607142857142858
Bipul Sharma,19.86,11.16570217061793,29.394614140134095,20.535714285714285
C Ganapathy,1.69,0.0,4.225302208023053,0.0
C Green,28.43,30.48341205787986,29.081400848005057,20.535714285714285
C Madan,1.3,2.8917539965085988,0.0,0.0
C Munro,12.09,10.081277432119721,16.196991797421706,7.142857142857142
C Nanda,5.18,0.0,12.961505754796645,0.0
C Sakariya,16.13,2.604449417373039,33.37261384020713,10.714285714285714
C de Grandhomme,15.24,15.016842423759211,16.19090597119616,13.392857142857142
CA Ingram,5.11,10.758591590176533,0.0,1.7857142857142856
CA Lynn,27.17,53.23671983458181,0.0,21.428571428571427
CA Pujara,9.31,17.12602551721543,0.0,10.714285714285714
CH Gayle,65.5,100.0,31.156505060754135,53.57142857142857
CH Morris,63.25,27.251196968070968,100.0,73.21428571428571
CJ Anderson,21.74,23.53039262732365,20.507495572602433,19.642857142857142
CJ Dala,5.34,0.0,13.354041546344467,0.0
CJ Ferguson,3.2,5.922448967184721,0.0,3.571428571428571
CJ Green,5.61,0.0,13.347904578722067,1.7857142857142856
CJ Jordan,23.89,5.922604713148367,42.01572903392877,29.464285714285715
CJ McKay,6.24,1.78529729174468,13.59697779322551,0.0
CK Kapugedera,2.25,2.6181768666086924,0.0,7.142857142857142
CK Langeveldt,13.55,2.7950949365513638,30.731549877099866,0.0
CL White,27.82,39.395015714556244,6.487739157504182,50.0
CM Gautam,6.33,9.420756162650944,0.0,13.928571428571429
CR Brathwaite,16.82,11.380541343762477,24.234923798925117,13.392857142857142
CR Woakes,22.28,5.709039617960072,44.58476292836178,12.5
CRD Fernando,16.12,3.8859614703544367,33.93001938328712,5.357142857142857
CV Varun,45.25,2.435145970739871,100.0,27.67857142857143
D Brevis,10.66,12.311521751567174,10.109426764381084,7.142857142857142
D Ferreira,1.85,2.3295359871050616,0.0,5.357142857142857
D Jansen,3.84,0.0,8.2706378405192,3.571428571428571
D Kalyankrishna,4.33,1.1605768696708492,8.853573052552012,1.7857142857142856
D Padikkal,35.71,60.90217728892349,0.0,55.35714285714286
D Pretorius,10.05,6.045422865159381,16.31279637645642,5.357142857142857
D Salunkhe,7.14,5.069255446282518,10.815308614736391,3.571428571428571
D Wiese,17.47,9.625371551225246,26.811847604704447,16.071428571428573
D du Preez,9.35,2.5194401554964365,20.540781316040118,0.0
DA Miller,60.0,100.0,0.0,100.0
DA Warner,60.0,100.0,0.0,100.0
DAJ Bracewell,10.17,4.178611250962285,19.06080773841511,4.464285714285714
DB Das,9.22,14.534116764835073,0.0,17.857142857142858
DB Ravi Teja,15.08,17.119344015375066,9.066142268572923,25.0
DE Bollinger,25.88,3.452392741840776,55.45741750670753,14.285714285714285
DG Nalkande,8.05,3.2512187955200638,15.13954844059901,3.571428571428571
DH Yagnik,10.05,9.836788335773958,0.0,37.5
DJ Bravo,82.55,61.220103062547274,100.0,100.0
DJ Harris,7.91,7.193199035759832,8.346275966465292,8.928571428571429
DJ Hooda,49.17,57.66226558257175,20.557179782416206,100.0
DJ Hussey,39.14,52.2474460957795,18.30895176659374,55.35714285714286
DJ Jacobs,4.17,6.041986664212907,0.0,9.642857142857144
DJ Malan,1.96,3.7603492357556356,0.0,1.7857142857142856
DJ Mitchell,11.74,16.585724744798757,3.3215570135292345,19.642857142857142
DJ Muthuswami,10.23,0.9714903675886092,24.486632319828843,0.0
DJ Thornely,10.97,3.50415776330312,21.475266142999715,5.357142857142857
DJ Willey,11.21,4.339182827448401,20.45533134781202,7.142857142857142
DJG Sammy,17.96,14.355259379758031,22.71106567857916,16.071428571428573
DJM Short,10.61,7.5132070906599555,16.734283312762912,3.571428571428571
DL Chahar,44.84,6.771645492309757,95.78231180977042,23.214285714285715
DL Vettori,23.85,7.465576081328285,42.8531322122209,22.321428571428573
DM Bravo,1.61,3.5879664882743003,0.0,0.0
DNT Zoysa,8.22,3.8307277218074467,15.566753117908503,1.7857142857142856
DP Conway,19.68,38.08275001859599,0.0,16.964285714285715
DP Nannes,21.32,1.0077760621985743,46.135493896968526,16.071428571428573
DP Vijaykumar,9.31,2.842310882889921,20.079245590309945,0.0
DPMD Jayawardene,42.74,69.98604638074403,0.0,75.0
DR Martyn,1.31,2.911130351845647,0.0,0.0
DR Sams,16.64,4.433844621264107,29.251089051221328,19.642857142857142
DR Shorey,2.79,2.627009311822261,0.0,10.714285714285714
DR Smith,68.66,92.25396292593986,38.39627608899197,78.57142857142857
DS Kulkarni,49.22,6.506743447781695,100.0,41.964285714285715
DS Lehmann,1.56,3.467699455147787,0.0,0.0
DT Christian,39.17,20.19387269928321,52.10486509270773,61.60714285714286
DT Patil,2.01,3.2792811032495837,0.0,3.571428571428571
DW Steyn,52.11,9.046586454303904,100.0,53.57142857142857
Dhruv Jurel,10.9,17.08071968290227,0.0,21.428571428571427
E Lewis,15.07,28.125441618607468,0.0,16.071428571428573
EJG Morgan,36.98,55.38723629464432,0.0,80.35714285714286
ER Dwivedi,3.1,5.708675172405143,0.0,3.571428571428571
F Behardien,1.86,3.5352340199034447,0.0,1.7857142857142856
F du Plessis,60.0,100.0,0.0,100.0
FA Allen,6.84,2.6917543747537676,12.728070848859572,3.571428571428571
FH Edwards,11.04,2.389305058113389,24.913633759898893,0.0
FY Fazal,7.24,9.688581666310343,2.503882789939587,12.5
Fazalhaq Farooqi,8.57,0.7558320466489308,19.896396254991988,1.7857142857142856
G Coetzee,11.97,2.3029314615952567,25.98385679567345,3.571428571428571
G Gambhir,55.31,100.0,0.0,68.75
GB Hogg,18.04,3.6040020926911684,37.357466531494396,9.821428571428571
GC Smith,15.5,30.271477888016456,0.0,12.5
GC Viljoen,7.98,1.31091066107899,18.47021799339675,0.0
GD McGrath,14.05,2.3933139592176063,31.09509439756225,3.571428571428571
GD Phillips,9.38,5.807264444005149,14.898102600140541,5.357142857142857
GH Vihari,15.05,12.849319765566156,17.151597111086172,16.071428571428573
GHS Garton,7.28,1.475275606351891,15.878790026200218,1.7857142857142856
GJ Bailey,17.74,27.82520457123569,0.0,34.82142857142857
GJ Maxwell,80.15,100.0,50.37187528870069,100.0
GR Napier,7.21,3.176051899815994,14.452098478182556,0.0
GS Sandhu,2.93,0.0,7.331681794291854,0.0
Gagandeep Singh,5.45,0.0,13.617098279930381,0.0
Gulbadin Naib,4.06,4.256116672310482,4.6947802311367255,1.7857142857142856
Gurkeerat Singh,22.96,22.187785648400254,18.249453411290453,37.857142857142854
Gurnoor Brar,4.84,0.0,12.102100151374673,0.0
H Das,0.54,1.1946525290566945,0.0,0.0
H Klaasen,26.59,41.59330999418831,0.0,52.5
H Sharma,0.49,0.0,1.2206428600955488,0.0
HC Brook,5.52,10.480394171047548,0.0,5.357142857142857
HE van der Dussen,1.92,3.374158429382722,0.0,2.6785714285714284
HF Gurney,7.77,0.5973262645283473,18.75245920965403,0.0
HH Gibbs,23.99,35.76114085009658,0.0,52.67857142857143
HH Pandya,90.53,97.94273738325926,78.64046034408497,100.0
HM Amla,11.38,25.299483678868533,0.0,0.0
HR Shokeen,11.41,5.266770919917213,19.25780439909418,8.928571428571429
HV Patel,54.41,12.670615772770018,100.0,58.03571428571429
Harbhajan Singh,70.65,34.77904417424432,100.0,100.0
Harmeet Singh,20.31,4.870814841623771,41.95594254429304,8.928571428571429
Harpreet Brar,24.7,12.032400172115173,38.844063101401716,25.0
Harpreet Singh,4.15,7.439161499900076,0.0,5.357142857142857
Harshit Rana,18.51,1.9429807351772184,40.0771641947522,10.714285714285714
I Malhotra,2.33,5.167473523335835,0.0,0.0
I Sharma,48.01,4.414845916031078,100.0,40.17857142857143
I Udana,9.77,4.383915580238857,17.47969209735412,5.357142857142857
IC Pandey,16.12,0.0,36.29126089840523,10.714285714285714
IC Porel,4.59,0.0,11.478737665129298,0.0
IK Pathan,70.64,45.7097020534884,98.3950562588411,71.42857142857143
IR Jaggi,2.77,4.964838037624739,0.0,3.571428571428571
IS Sodhi,10.03,1.4080675584282514,23.5010496085856,0.0
Imran Tahir,44.19,3.7135426066469384,97.58925983335723,23.214285714285715
Iqbal Abdulla,29.96,6.234721219738997,55.50012696575467,33.035714285714285
Ishan Kishan,60.0,100.0,0.0,100.0
J Arunkumar,1.65,3.656117807045991,0.0,0.0
J Botha,30.36,18.179246702846815,40.3890906013364,40.17857142857143
J Fraser-McGurk,10.31,19.033743304550278,0.0,11.607142857142858
J Little,11.24,0.0,24.749728274636404,8.928571428571429
J Suchith,21.11,5.806006033640316,32.1748938507237,37.5
J Syed Mohammad,9.1,4.192385423987032,17.37362109285035,1.7857142857142856
J Theron,11.54,2.703335644610395,23.137264877873314,7.142857142857142
J Yadav,14.01,4.581283095208091,23.851891153780283,16.071428571428573
JA Morkel,64.74,40.090085169406784,100.0,44.642857142857146
JA Richardson,7.28,2.4562228688530126,14.772908460643567,1.7857142857142856
JC Archer,34.76,11.895961408897623,66.82577612662051,17.857142857142858
JC Buttler,60.0,100.0,0.0,100.0
JD Ryder,22.9,26.022702198497218,21.287512825442956,17.857142857142858
JD Unadkat,53.47,10.586396915931362,100.0,58.03571428571429
JDP Oram,14.25,6.688682893741653,21.735842010198674,16.964285714285715
JDS Neesham,10.87,6.143533176053982,18.93039717643909,3.571428571428571
JE Root,3.11,2.2356305157850667,3.9123168592806046,3.571428571428571
JE Taylor,10.07,2.9144711027658285,21.894528934337124,0.0
JEC Franklin,15.97,15.065450349647847,18.960901156895996,10.714285714285714
JH Kallis,83.18,92.1954685128348,80.45412361807318,63.39285714285714
JJ Bumrah,47.72,4.963748458130621,100.0,36.607142857142854
JJ Roy,14.65,26.61350359712578,0.0,17.857142857142858
JJ van der Wath,8.62,3.8224872028709997,17.24810092694843,0.0
JL Denly,0.0,0.0,0.0,0.0
JL Pattinson,12.15,3.7871780354530884,24.775655711791313,3.571428571428571
JM Bairstow,38.29,62.89513733815454,0.0,66.60714285714285
JM Kemp,8.67,3.994201800168299,16.51424512819246,1.7857142857142856
JM Sharma,24.1,31.351090178421654,0.0,66.60714285714285
JO Holder,36.36,13.090922695733454,66.79060158442934,25.0
JP Behrendorff,14.96,2.087301174929034,33.7085220595617,3.571428571428571
JP Duminy,59.87,78.15278718659432,37.32197945752097,65.17857142857143
JP Faulkner,46.8,23.276408702194313,75.08422446515085,41.964285714285715
JPR Scantlebury-Searles,5.46,4.0423086134189035,6.425142087755692,7.142857142857142
JR Hazlewood,22.73,2.59375901442846,52.566745748865394,3.571428571428571
JR Hopes,20.33,19.21085125047902,25.1953205737671,10.714285714285714
JR Philippe,2.57,5.705030716855855,0.0,0.0
JW Hastings,9.61,0.0,24.036195523596792,0.0
Jalaj S Saxena,4.11,0.0,10.276352283710393,0.0
Jaskaran Singh,9.01,2.3295359871050616,19.904027089733,0.0
Joginder Sharma,12.76,4.694423193038219,22.269152082828914,11.607142857142858
K Goel,11.99,10.690159980875634,10.911807385702634,18.75
K Gowtham,26.15,13.85974625538493,35.046055366228416,39.285714285714285
K Kartikeya,9.97,2.433402970259777,21.51172377702905,1.7857142857142856
K Khejroliya,5.65,0.0,14.114087234819586,0.0
K Rabada,53.61,10.603710458200226,100.0,58.92857142857143
K Santokie,5.72,0.0,13.622687304015068,1.7857142857142856
K Upadhyay,7.65,4.186629053170719,13.753967269737597,1.7857142857142856
K Yadav,4.32,0.0,10.794516916628442,0.0
KA Jamieson,12.82,5.717786311278364,24.279838428695438,3.571428571428571
KA Maharaj,6.74,1.4391954964139373,14.559035139002892,1.7857142857142856
KA Pollard,92.57,100.0,81.43121551660583,100.0
KAJ Roach,7.84,3.4828441926526073,15.023296739637527,1.7857142857142856
KB Arun Karthik,5.96,4.674378687517134,0.0,25.71428571428572
KC Cariappa,10.01,4.097096928509871,18.400060891069938,5.357142857142857
KC Sangakkara,44.43,65.39173308270576,0.0,100.0
KD Karthik,60.0,100.0,0.0,100.0
KH Devdhar,0.32,0.0,0.0,2.142857142857143
KH Pandya,78.16,64.46516818010117,91.07100772237763,84.82142857142857
KJ Abbott,7.03,5.041193138552997,11.89539941064268,0.0
KK Ahmed,38.24,0.4369702203596633,91.41777124034702,9.821428571428571
KK Cooper,27.13,9.176135290173576,46.44865588540406,29.464285714285715
KK Nair,35.38,58.68152619086317,0.0,59.82142857142857
KL Nagarkoti,9.69,2.6685918350405124,15.205871526403955,16.071428571428573
KL Rahul,60.0,100.0,0.0,100.0
KM Asif,8.01,0.0,19.356975963941547,1.7857142857142856
KM Jadhav,32.54,47.97312529365812,0.0,73.03571428571428
KMA Paul,11.35,2.7701506630140127,21.250553086304,10.714285714285714
KMDN Kulasekara,12.25,4.861460739047264,22.48891785228828,7.142857142857142
KP Appanna,11.26,1.475275606351891,21.458623271280867,13.392857142857142
KP Pietersen,30.14,40.74783233684512,19.474164250719795,26.785714285714285
KR Mayers,13.78,18.21361863306261,12.631194431391668,3.571428571428571
KR Sen,11.85,0.0,26.94037622980539,7.142857142857142
KS Bharat,6.52,10.792833272792466,0.0,11.071428571428573
KS Sharma,1.07,2.3772783548007372,0.0,0.0
KS Williamson,49.36,81.97815136244144,3.3906746113765243,74.10714285714286
KT Maphaka,3.85,0.0,9.613866628872207,0.0
KV Sharma,49.8,16.29904648943122,90.76742597329662,41.07142857142857
KW Richardson,17.44,3.909295330627702,34.186875786594925,13.392857142857142
Kamran Akmal,6.87,9.431486516003112,0.0,17.5
Kamran Khan,12.12,1.7919787935850418,24.59574623099542,9.821428571428571
Karanveer Singh,11.15,2.4178390012669344,23.813582313583524,3.571428571428571
Kartik Tyagi,13.23,2.7531128333210897,27.974363468880735,5.357142857142857
Kuldeep Yadav,50.25,9.080383717779734,100.0,41.07142857142857
Kumar Kushagra,0.86,1.31091066107899,0.0,1.7857142857142856
L Ablish,4.43,0.0,11.079681345482676,0.0
L Balaji,42.52,3.3806490311705018,92.1264921991284,27.67857142857143
L Ngidi,17.01,0.0,41.180757459538825,3.571428571428571
L Ronchi,2.9,4.069034620780351,0.0,7.142857142857142
L Wood,6.41,8.755440011610137,6.171027792705274,0.0
LA Carseldine,14.89,6.410597311198065,27.323620945215747,7.142857142857142
LA Pomersbach,8.73,14.64034185724675,0.0,14.285714285714285
LB Williams,5.67,1.4391954964139373,11.877371031601944,1.7857142857142856
LE Plunkett,6.47,0.9714903675886092,13.740056809793485,3.571428571428571
LH Ferguson,31.53,6.742080790381105,63.207750556286534,21.428571428571427
LI Meriwala,5.05,0.0,12.61330955432067,0.0
LJ Wright,8.82,8.966416925654103,8.620762647897635,8.928571428571429
LMP Simmons,24.22,43.46724770899775,3.954048239112931,20.535714285714285
LPC Silva,3.81,5.792553718585687,0.0,8.035714285714286
LR Shukla,26.32,18.184375408728744,28.589317747232183,44.642857142857146
LRPL Taylor,23.67,41.000207798531186,0.0,34.82142857142857
LS Livingstone,31.21,39.55237294076844,21.475162161156273,32.142857142857146
Lalit Yadav,20.25,14.200020032325192,20.93415546120064,36.607142857142854
Liton Das,1.33,2.954560113807999,0.0,0.0
M Ashwin,23.07,3.247209894415847,48.67353876874373,14.285714285714285
M Jansen,19.81,5.23161594100331,34.92319668462579,23.214285714285715
M Kaif,10.28,12.424035322092948,0.0,31.25
M Kartik,27.01,7.080730941914809,45.1711405706337,38.392857142857146
M Klinger,2.43,5.401326087748501,0.0,0.0
M Manhas,21.88,21.906768027646578,14.665599198217585,41.07142857142857
M Markande,24.0,4.971037369229197,49.05654109851951,14.285714285714285
M Morkel,46.56,8.623191319003604,96.30974189002366,27.67857142857143
M Muralitharan,39.13,2.660942667416375,81.77430475930349,34.82142857142857
M Ntini,12.33,2.119817817218795,25.758694201503506,7.142857142857142
M Pathirana,21.13,0.0,48.81266756445088,10.714285714285714
M Prasidh Krishna,30.24,1.3770575292985723,67.011467271378,18.75
M Rawat,8.05,4.249318970438115,0.0,40.89285714285714
M Shahrukh Khan,20.76,24.50651497951911,9.937284822572737,38.392857142857146
M Siddharth,6.62,0.0,16.5398530203623,0.0
M Theekshana,17.54,3.070818245830295,37.72827715874716,7.142857142857142
M Vijay,61.69,100.0,8.581014978022129,88.39285714285714
M Vohra,23.54,43.67930153108539,0.0,25.892857142857146
M de Lange,8.0,1.4391954964139373,18.387889238618847,0.0
MA Agarwal,60.0,100.0,0.0,100.0
MA Khote,4.82,3.947309805434123,7.605543974441497,0.0
MA Starc,36.03,6.535759282787107,67.98572832858936,39.285714285714285
MA Wood,13.28,4.658343083100265,25.938660777030414,5.357142857142857
MB Parmar,2.9,0.0,7.250827245866723,0.0
MC Henriques,48.88,40.34044829805137,55.72424094836735,56.25
MC Juneja,3.29,7.306598096914177,0.0,0.0
MD Mishra,5.66,11.971940945140283,0.0,1.7857142857142856
MD Shanaka,2.23,3.764358136859853,0.0,3.571428571428571
MDKJ Perera,1.59,3.539242921007662,0.0,0.0
MEK Hussey,41.65,76.19544028737424,0.0,49.107142857142854
MF Maharoof,23.52,10.58076112901318,43.223276661332136,9.821428571428571
MG Bracewell,11.19,5.5917346742374505,21.0070075433227,1.7857142857142856
MG Johnson,41.88,9.024749625666438,80.4800642008477,37.5
MG Neser,1.85,0.0,4.616533893951115,0.0
MJ Clarke,9.51,6.509602435566815,15.794378826084829,1.7857142857142856
MJ Guptill,8.15,13.934367538100878,0.0,12.5
MJ Henry,5.02,0.0,12.550712484572182,0.0
MJ Lumb,7.8,14.367292876194583,0.0,8.928571428571429
MJ McClenaghan,39.0,6.627991725622927,88.36141439192498,4.464285714285714
MJ Santner,17.13,5.383954182963559,30.06455165502257,17.857142857142858
MJ Suthar,4.84,1.4391954964139373,10.485009182872021,0.0
MK Lomror,17.64,23.482806368135673,10.307650818584635,19.642857142857142
MK Pandey,60.0,100.0,0.0,100.0
MK Tiwary,46.33,65.55626047352477,7.58318787810275,91.96428571428571
ML Hayden,24.33,44.84291549001579,0.0,27.67857142857143
MM Ali,47.92,47.09807963632788,50.0801332553781,44.642857142857146
MM Patel,43.59,4.096510260055596,93.32368453160073,29.464285714285715
MM Sharma,51.93,7.174456012983889,100.0,58.03571428571429
MN Samuels,13.78,8.555927258981658,23.491159226315222,3.571428571428571
MN van Wyk,6.24,9.690982879220982,0.0,12.5
MP Stoinis,60.99,73.02463457914088,54.255484014938304,42.857142857142854
MP Yadav,11.5,0.0,28.08421821736521,1.7857142857142856
MR Marsh,35.95,28.22456434676463,50.42473419445079,20.535714285714285
MS Bisla,23.5,32.64047279053559,0.0,58.75
MS Dhoni,60.0,100.0,0.0,100.0
MS Gony,26.62,7.661010010158871,52.92053555767333,13.392857142857142
MS Wade,7.2,9.620275490499546,0.0,19.107142857142854
MV Boucher,13.26,18.10167713285576,0.0,34.10714285714286
MW Short,12.23,7.898406675547724,18.348766070026038,8.928571428571429
Mandeep Singh,41.2,66.17187681564015,1.095448720598569,73.21428571428571
Mashrafe Mortaza,4.36,2.8783909928278746,6.6509386607770296,2.6785714285714284
Mayank Dagar,6.3,0.0,13.748966611691996,5.357142857142857
Milind Kumar,0.27,0.0,0.0,1.7857142857142856
Misbah-ul-Haq,4.04,8.387066543478188,0.0,1.7857142857142856
Mohammad Ashraful,0.82,0.6334063744663011,0.0,3.571428571428571
Mohammad Asif,9.15,1.5113557162898452,20.508364976348933,1.7857142857142856
Mohammad Hafeez,9.39,4.525083346395025,16.713417622846745,4.464285714285714
Mohammad Nabi,22.04,12.297317411692909,29.219096244290515,32.142857142857146
Mohammed Shami,49.91,5.346656179019261,100.0,50.0
Mohammed Siraj,51.16,6.635279553271321,100.0,54.46428571428571
Mohit Rathee,3.31,1.4391954964139373,6.6509386607770296,0.0
Mohsin Khan,19.91,3.8452043091282304,44.11393249942021,3.571428571428571
Monu Kumar,4.76,0.0,11.89344325221304,0.0
Mujeeb Ur Rahman,14.77,2.685963739825454,32.57196696827576,3.571428571428571
Mukesh Choudhary,15.04,3.026720333683907,32.19508645386838,5.357142857142857
Mukesh Kumar,17.35,1.9198181954639644,36.19475529976017,13.392857142857142
Mustafizur Rahman,33.47,2.067198569391946,76.66977288043394,12.5
N Burger,10.23,0.0,24.232430353812397,3.571428571428571
N Jagadeesan,4.34,9.045798991587002,0.0,1.7857142857142856
N Pooran,43.13,70.36044395356951,0.0,76.42857142857142
N Rana,60.85,100.0,22.55581079937245,45.535714285714285
N Saini,7.56,7.92158858193298,0.0,26.607142857142858
N Thushara,8.46,0.0,19.48815311842884,4.464285714285714
N Wadhera,12.53,16.901527055379272,7.276909358261925,13.392857142857142
NA Saini,0.94,0.0,2.3473901155683623,0.0
NB Singh,9.47,0.0,23.685166266084785,0.0
ND Doshi,7.3,0.0,18.25710607503718,0.0
NJ Maddinson,1.8,3.4102385393206758,0.0,1.7857142857142856
NJ Rimmington,9.23,2.842310882889921,19.874569645145478,0.0
NK Patel,4.89,7.287238936618628,0.0,10.714285714285714
NL McCullum,7.55,4.266564111551776,13.395772926176791,1.7857142857142856
NLTC Perera,31.59,19.591237676628932,44.20151281722973,33.92857142857143
NM Coulter-Nile,33.28,6.230723182865413,66.15779851531481,26.785714285714285
NS Naik,2.09,2.8663642895152233,0.0,5.357142857142857
NT Ellis,14.28,2.8302841795772693,30.50068747677257,5.357142857142857
NV Ojha,42.38,60.83768555904855,0.0,100.0
Naman Dhir,6.84,10.256413701963417,2.5597730307864537,8.035714285714286
Navdeep Saini,19.99,3.7055248044385043,40.438667135281214,14.285714285714285
Naveen-ul-Haq,18.24,2.762132860805579,38.481064629922066,10.714285714285714
Nithish Kumar Reddy,13.6,15.255759692632944,11.810459063418028,13.392857142857142
Noor Ahmad,18.26,2.503781456311588,38.13802812316671,12.5
O Thomas,6.73,0.0,16.165693262547464,1.7857142857142856
OA Shah,12.32,22.32912453283823,0.0,15.178571428571427
OC McCoy,11.41,4.790636819539429,22.460755989754375,1.7857142857142856
OF Smith,10.58,5.1569046022429,19.30076317245099,3.571428571428571
P Amarnath,6.34,0.0,14.513984217592995,3.571428571428571
P Awana,24.09,1.1826258257440432,55.20143964248189,9.821428571428571
P Chopra,2.09,4.0382997123146875,0.0,1.7857142857142856
P Dogra,5.0,7.240888794440119,0.0,11.607142857142858
P Dubey,6.56,2.793718142232744,12.599082947559651,1.7857142857142856
P Kumar,52.39,15.617959155677767,100.0,35.714285714285715
P Negi,33.26,17.02641546061204,47.92356473519813,42.857142857142854
P Parameswaran,10.87,1.4391954964139373,24.875831633362473,1.7857142857142856
P Prasanth,5.76,0.0,14.397326042152628,0.0
P Ray Barman,1.56,2.915139252949864,0.6259706974848963,0.0
P Sahu,6.9,4.802971899860096,11.8353174017323,0.0
P Simran Singh,15.56,32.19380662331921,0.0,7.142857142857142
P Suyal,6.58,0.0,15.788154685626882,1.7857142857142856
PA Patel,60.0,100.0,0.0,100.0
PA Reddy,4.93,8.877711495288757,0.0,6.25
PBB Rajapaksa,7.53,14.353975901046793,0.0,7.142857142857142
PC Valthaty,18.13,22.128591828462337,18.418669585829612,5.357142857142857
PD Collingwood,12.56,11.168387307004805,16.164462421288363,7.142857142857142
PD Salt,18.92,29.245412880395737,0.0,38.392857142857146
PH Solanki,5.85,0.0,14.637281476188507,0.0
PJ Cummins,46.66,23.34821513281807,78.32941237180981,32.142857142857146
PJ Sangwan,25.41,2.6003190344171796,53.23325013732777,19.642857142857142
PK Garg,8.9,13.241164529517055,0.0,19.642857142857142
PM Sarvesh Kumar,6.62,1.4391954964139373,14.929401135014789,0.0
PN Mankad,4.92,7.3565562429663816,0.0,10.714285714285714
PP Chawla,66.34,26.1003901174687,100.0,97.32142857142857
PP Ojha,44.47,1.5977293128079773,100.0,25.0
PP Shaw,38.17,74.09927522875371,0.0,32.142857142857146
PR Shah,6.86,6.248095087650355,0.0,26.96428571428571
PSP Handscomb,0.73,1.6195960461037064,0.0,0.0
PV Tambe,18.35,1.9827180882277917,40.956978204301585,7.142857142857142
PVD Chameera,13.31,5.909120227615999,25.297873219950795,3.571428571428571
PWH de Silva,24.1,5.405646182089117,50.145696091996626,10.714285714285714
Pankaj Singh,11.36,1.8895287204543243,24.932412880823442,3.571428571428571
Parvez Rasool,8.45,3.002666927058604,15.726091113631933,5.357142857142857
Q de Kock,60.0,100.0,0.0,100.0
R Ashwin,68.54,32.776216323177195,100.0,91.96428571428571
R Bhatia,48.66,15.971292609013405,83.9326458186207,52.67857142857143
R Bishnoi,2.0,3.849959966320488,0.0,1.7857142857142856
R Dhawan,24.68,10.884552381478164,37.72939093707684,31.25
R Dravid,45.43,83.1018344816935,0.0,53.57142857142857
R Goyal,4.1,0.0,9.585176305237482,1.7857142857142856
R McLaren,15.31,8.414191096563446,24.457417827833634,11.607142857142858
R Ninan,5.25,1.7919787935850418,10.427628535602574,1.7857142857142856
R Parag,35.94,47.18576242870158,10.98489149700639,68.75
R Powell,16.18,17.550114678289415,7.970693547974353,33.92857142857143
R Rampaul,17.46,4.7969365212746276,35.5651791768406,7.142857142857142
R Ravindra,15.53,12.78962352863047,18.0749038898764,16.964285714285715
R Sai Kishore,14.26,6.5732615105479635,24.896470047225925,8.928571428571429
R Sanjay Yadav,6.98,0.0,17.4489331923915,0.0
R Sathish,15.39,13.19625663479462,10.571924538709855,34.82142857142857
R Sharma,27.66,4.906894951561725,55.60414063122037,21.428571428571427
R Shepherd,9.79,9.502647449680019,13.781788189625813,0.0
R Shukla,9.86,3.011730529555095,16.24393959973307,13.392857142857142
R Tewatia,48.42,41.25157092442009,45.16968910591373,78.57142857142857
R Vinay Kumar,59.0,14.552193960100634,100.0,83.03571428571429
RA Bawa,1.17,2.6057857177411115,0.0,0.0
RA Jadeja,100.0,100.0,100.0,100.0
RA Shaikh,2.07,0.0,5.164258254250399,0.0
RA Tripathi,48.17,86.50596962068697,0.0,61.60714285714286
RD Chahar,46.23,7.685968652517383,90.86412333326214,42.857142857142854
RD Gaikwad,50.91,91.69561812959638,0.0,64.28571428571429
RE Levi,3.36,6.273490896471895,0.0,3.571428571428571
RE van der Merwe,21.07,9.041522018068521,35.13977650534601,19.642857142857142
RG More,3.42,2.8783909928278746,4.645596819191485,1.7857142857142856
RG Sharma,70.22,100.0,25.547082868371447,100.0
RJ Gleeson,7.71,2.8783909928278746,16.0295113395308,0.0
RJ Harris,33.99,7.239425302145119,63.43407984578769,35.714285714285715
RJ Peterson,9.94,4.171929749121924,19.491162592935975,1.7857142857142856
RJ Quiney,3.52,6.634181086151263,0.0,3.571428571428571
RJW Topley,8.23,1.5113557162898452,18.19917748423002,1.7857142857142856
RK Bhui,0.65,1.4401206274379874,0.0,0.0
RK Singh,25.67,37.102893014808366,0.0,59.82142857142857
RM Patidar,17.51,34.1483945875529,0.0,14.285714285714285
RN ten Doeschate,15.45,15.939646677671698,13.333175856428303,19.642857142857142
RP Meredith,13.93,0.0,33.47942969089455,3.571428571428571
RP Singh,52.3,3.8162628564197165,100.0,70.53571428571429
RR Bhatkal,0.27,0.0,0.0,1.7857142857142856
RR Bose,5.63,0.0,14.08434069341018,0.0
RR Pant,60.0,100.0,0.0,100.0
RR Powar,15.22,5.3912203162149535,28.646535074196155,8.928571428571429
RR Raje,9.57,3.855671995344797,16.568408583573266,8.035714285714286
RR Rossouw,12.53,21.88469593579313,0.0,17.857142857142858
RR Sarwan,2.7,5.401326087748501,0.0,1.7857142857142856
RS Bopara,21.16,22.796735599693218,22.558950781835563,12.5
RS Gavaskar,5.48,0.7737179131138995,12.832399298440384,0.0
RS Hangargekar,6.83,0.0,17.078567196379606,0.0
RS Sodhi,3.13,5.760790886759966,0.0,3.571428571428571
RT Ponting,3.47,5.322442606645728,0.0,7.142857142857142
RV Gomez,11.24,4.587283345880416,19.923473605886485,8.035714285714286
RV Patel,7.93,6.009837003302767,11.058815655566512,5.357142857142857
RV Uthappa,60.0,100.0,0.0,100.0
RW Price,0.4,0.0,0.9911202710177532,0.0
Rahmanullah Gurbaz,10.96,14.523969009803823,0.0,29.464285714285715
Ramandeep Singh,15.85,11.092629355368702,17.09682467505625,26.785714285714285
Rashid Khan,63.93,24.89755281612349,100.0,84.82142857142857
Rasikh Salam,10.16,4.269479675991207,19.253414106872,3.571428571428571
Ravi Bishnoi,39.32,2.9585690149122166,78.5692821673514,43.75
S Anirudha,7.14,8.434727923272769,0.0,22.321428571428573
S Aravind,28.83,5.061483804668202,61.027612953677234,14.285714285714285
S Badree,12.59,2.0551718660792946,27.814935155450993,3.571428571428571
S Badrinath,31.63,56.29305567795131,0.0,41.964285714285715
S Chanderpaul,1.43,3.1811276858914947,0.0,0.0
S Dhawan,67.05,100.0,17.62889976791841,100.0
S Dube,37.0,59.87601331287733,12.418811516173578,33.92857142857143
S Gopal,33.91,9.58352716336821,65.9567195424177,21.428571428571427
S Joseph,5.05,0.0,12.636783455476355,0.0
S Kaul,31.95,2.2846281959477204,71.9448470550253,14.285714285714285
S Kaushik,7.47,0.0,18.68430477478081,0.0
S Ladda,8.16,0.0,17.724496379871262,7.142857142857142
S Lamichhane,11.33,0.0,26.992750719402302,3.571428571428571
S Midhun,3.12,0.0,7.120416683890701,1.7857142857142856
S Nadeem,31.94,2.673107608698137,62.118191105360786,39.285714285714285
S Narwal,9.8,5.204592978004513,16.975026131323926,4.464285714285714
S Rana,8.81,6.563890492776925,12.636783455476355,5.357142857142857
S Randiv,9.44,1.475275606351891,19.606913208979524,6.25
S Sandeep Warrier,9.94,0.0,24.185942824072704,1.7857142857142856
S Sohal,8.28,17.203595672837512,0.0,3.571428571428571
S Sreesanth,25.58,2.9855379859769497,58.59014595424831,5.357142857142857
S Sriram,1.83,3.546986610320081,0.5738064726944893,0.0
S Tyagi,11.0,2.212913409527837,23.00247633375003,5.357142857142857
S Vidyut,10.59,9.084942259249411,15.586670367373934,1.7857142857142856
SA Abbott,5.67,4.251662337750242,8.718380769970203,1.7857142857142856
SA Asnodkar,10.22,19.129012879900184,0.0,10.714285714285714
SA Yadav,65.13,100.0,12.832399298440384,100.0
SB Bangar,10.36,4.178795568254434,17.858943999244108,8.928571428571429
SB Dubey,2.75,6.100703501438585,0.0,0.0
SB Jakati,32.31,3.731733976149672,60.51131807652447,42.857142857142854
SB Joshi,5.92,1.4191509908928517,13.193755110170303,0.0
SB Styris,13.62,7.587634971766533,23.164393421927212,6.25
SB Wagh,10.35,1.9429807351772184,22.01943982917461,4.464285714285714
SC Ganguly,38.39,52.73802847945524,20.89857605787892,41.964285714285715
SC Kuggeleijn,6.11,0.0,15.269772701772204,0.0
SD Chitnis,7.92,6.793082921095869,10.829293066488715,3.571428571428571
SD Hope,6.96,11.004433531075929,0.0,13.392857142857142
SD Lad,1.71,3.795195837661522,0.0,0.0
SE Bond,10.96,1.4391954964139373,25.11656942150287,1.7857142857142856
SE Marsh,51.17,95.56301579660328,0.0,54.46428571428571
SE Rutherford,7.38,6.79292873259186,7.4605019835608495,8.928571428571429
SH Johnson,8.55,2.6258302232621973,17.071394615470926,3.571428571428571
SJ Srivastava,13.28,2.9866313226417365,27.84171158632559,5.357142857142857
SK Raina,75.2,100.0,38.00359104576258,100.0
SK Rasheed,0.27,0.0,0.0,1.7857142857142856
SK Trivedi,38.53,3.571516169950099,79.9128906461471,33.035714285714285
SK Warne,38.71,9.880755490582626,72.92778816396657,33.92857142857143
SL Malinga,50.62,5.75366395146358,100.0,53.57142857142857
SM Boland,6.01,0.0,15.03223917817302,0.0
SM Curran,50.88,36.45404127951922,71.46359220544724,39.285714285714285
SM Harwood,11.31,2.267496139946792,24.39720793447386,3.571428571428571
SM Katich,6.99,12.551435962589757,0.0,8.928571428571429
SM Pollock,16.68,9.164456272918773,30.048634688071196,3.571428571428571
SMSM Senanayake,11.32,2.114695332474518,24.57815258921558,3.571428571428571
SN Khan,14.83,25.225197583197378,0.0,23.214285714285715
SN Thakur,56.24,15.257148711540408,100.0,62.5
SO Hetmyer,31.68,50.46080321832215,0.0,59.82142857142857
SP Fleming,5.31,10.611214774619077,0.0,3.571428571428571
SP Goswami,14.37,13.542067930045345,0.0,55.17857142857142
SP Jackson,5.28,5.236117163295765,0.0,19.464285714285715
SP Narine,77.47,61.829767657746835,100.0,64.28571428571429
SPD Smith,57.87,95.27335338354594,0.0,100.0
SR Tendulkar,48.95,89.12080231988713,3.7036599601189732,49.107142857142854
SR Watson,98.12,100.0,100.0,87.5
SS Agarwal,4.72,0.0,11.126629147794043,1.7857142857142856
SS Cottrell,9.72,0.0,24.287663062414,0.0
SS Iyer,70.33,100.0,25.821291271251994,100.0
SS Mundhe,10.93,0.0,27.323620945215747,0.0
SS Prabhudessai,7.49,8.00577550512154,0.0,25.892857142857146
SS Sarkar,2.91,0.0,7.280039211749351,0.0
SS Shaikh,1.72,2.6258302232621973,0.0,3.571428571428571
SS Tiwary,34.56,58.3447513827023,0.0,55.35714285714286
SSB Magala,2.8,0.0,6.3275204670765,1.7857142857142856
ST Jayasuriya,26.29,32.58938771994291,24.36239629874638,12.5
STR Binny,37.23,36.056961767061765,35.77959985714935,44.642857142857146
SV Samson,60.0,100.0,0.0,100.0
SW Billings,15.81,22.2155076917965,0.0,38.75
SW Tait,19.46,3.328313047524238,39.89385365766933,13.392857142857142
SZ Mulani,4.27,2.842310882889921,7.480349834944517,0.0
Sachin Baby,14.77,8.813656227645287,22.660139248953268,11.607142857142858
Salman Butt,5.26,10.492797527650223,0.0,3.571428571428571
Sameer Rizvi,3.42,5.208494836960384,0.0,7.142857142857142
Sandeep Sharma,47.9,4.160542145985308,100.0,40.17857142857143
Sanvir Singh,2.72,4.262798174150845,0.0,5.357142857142857
Saurav Chauhan,1.81,4.032954510842398,0.0,0.0
Shahbaz Ahmed,29.38,23.185964631578663,31.299758839295794,42.857142857142854
Shahid Afridi,13.35,7.964117793647284,21.73683247016304,7.142857142857142
Shakib Al Hasan,52.12,32.742210493361505,78.40337821706336,40.17857142857143
Shashank Singh,14.33,20.22551811674536,5.362482308453949,20.535714285714285
Shivam Mavi,25.08,4.435849071816215,45.6649964135939,32.142857142857146
Shivam Sharma,8.98,4.861460739047264,16.313125834718246,1.7857142857142856
Shivam Singh,1.41,1.9429807351772184,0.0,3.571428571428571
Shoaib Ahmed,8.17,0.5037852387632815,17.18657782653386,7.142857142857142
Shoaib Akhtar,10.86,0.8739404407193266,26.17898881267194,0.0
Shoaib Malik,9.15,5.068471096066475,12.486274324536971,12.5
Shubman Gill,54.91,100.0,0.0,66.07142857142857
Sikandar Raza,10.77,10.466297512262784,11.806912008737187,8.928571428571429
Simarjeet Singh,12.59,2.708012695898648,26.42117985634169,5.357142857142857
Sohail Tanvir,20.96,4.9309483581870275,42.156972325434275,12.5
Sonu Yadav,0.4,0.0,0.0,2.6785714285714284
Subhransu Senapati,0.4,0.0,0.0,2.6785714285714284
Sumit Kumar,4.81,2.7741595641182304,6.228408439974723,7.142857142857142
Sunny Gupta,0.0,0.0,0.0,0.0
Sunny Singh,2.73,5.480038490074312,0.0,1.7857142857142856
Suyash Sharma,9.35,0.0,22.709634606428818,1.7857142857142856
Swapnil Singh,9.95,5.068587296098481,16.150043995110337,8.035714285714286
T Banton,1.44,3.1910852789568076,0.0,0.0
T Henderson,7.74,2.4668104794615857,16.577790638391686,0.0
T Kohler-Cadmore,2.19,4.266361641799037,0.0,1.7857142857142856
T Kohli,2.25,2.033567833812861,0.0,8.928571428571429
T Mishra,0.27,0.0,0.0,1.7857142857142856
T Natarajan,36.77,1.7919787935850418,80.8636859430427,24.107142857142858
T Shamsi,5.6,1.475275606351891,11.682178141811887,1.7857142857142856
T Stubbs,18.8,19.92817827007863,18.8808411628882,15.178571428571427
T Taibu,2.28,4.476400648370412,0.0,1.7857142857142856
T Thushara,11.77,2.303781834556757,24.830171000234245,5.357142857142857
TA Boult,53.03,6.0368911012709185,100.0,68.75
TD Paine,0.65,1.4401206274379874,0.0,0.0
TG Southee,35.36,7.586656240622164,62.46486847431938,46.42857142857143
TH David,19.47,29.28575145741574,0.0,41.964285714285715
TK Curran,12.69,7.989102972491851,21.4016225315309,3.571428571428571
TL Seifert,2.12,4.126379336575457,0.0,1.7857142857142856
TL Suman,24.33,28.234004835974453,17.3331286133568,31.25
TM Dilshan,33.94,45.68260552203896,16.37744921713022,45.535714285714285
TM Head,18.49,33.55208417496439,6.474479679675683,5.357142857142857
TM Srivastava,2.39,2.3295359871050616,0.0,8.928571428571429
TP Sudhindra,3.71,0.0,9.286722419115218,0.0
TR Birt,2.91,6.458550673688699,0.0,0.0
TS Mills,10.41,1.9042280245031202,23.206890209842587,1.7857142857142856
TU Deshpande,26.54,4.987072973646067,56.70954845191275,10.714285714285714
Tanay Thyagarajan,0.67,0.0,0.0,4.464285714285714
Tanush Kotian,1.77,3.0505151015282927,0.0,2.6785714285714284
Tejas Baroka,4.15,0.0,10.373228701178292,0.0
Tilak Varma,33.32,46.88894271489913,14.141247120454262,43.75
U Kaul,0.94,0.0,0.0,6.25
UA Birla,1.01,1.6596850571458777,0.0,1.7857142857142856
UBT Chand,8.65,13.876174306687439,0.0,16.071428571428573
UT Khawaja,3.99,8.27429089120299,0.0,1.7857142857142856
UT Yadav,56.55,10.581005817431507,100.0,78.57142857142857
Umar Gul,14.38,7.231424607622763,26.81241154226975,2.6785714285714284
Umran Malik,22.42,5.160792021495474,45.21105041263691,13.392857142857142
V Kaverappa,7.65,0.0,19.123404808163595,0.0
V Kohli,64.74,100.0,11.851296221187166,100.0
V Pratap Singh,9.35,0.0,23.38184664134762,0.0
V Sehwag,64.34,100.0,17.549732885589435,82.14285714285714
V Shankar,39.21,44.742283356546636,21.917653837608785,68.75
V Viyaskanth,6.85,4.1812838516984305,11.079681345482676,3.571428571428571
VG Arora,15.59,1.9032257992270663,33.48600903819012,8.928571428571429
VH Zol,1.89,4.2004032261954665,0.0,0.0
VR Aaron,26.9,3.8122955599229553,59.940094929819146,8.035714285714286
VR Iyer,33.1,52.9129627744174,9.149605028237577,37.5
VRV Singh,12.2,3.8899703714586535,24.115521120605653,5.357142857142857
VS Malik,10.74,3.0628004436218608,22.069283980839476,3.571428571428571
VS Yeligati,3.71,2.8783909928278746,6.040617230729254,0.0
VVS Laxman,7.48,13.342044864424413,0.0,9.821428571428571
VY Mahesh,16.52,2.1002187451537337,34.90728364306375,10.714285714285714
Vijaykumar Vyshak,11.95,3.7910841442212995,22.922315287834927,7.142857142857142
Virat Singh,1.51,2.164189842261198,0.0,3.571428571428571
Vishnu Vinod,3.1,4.874823742727989,0.0,6.071428571428571
Vivrant Sharma,6.49,6.6694467051264485,8.71142553999815,0.0
W Jaffer,4.98,7.797577699014926,0.0,9.821428571428571
WA Mota,9.96,4.123822935871319,16.9246827332479,8.928571428571429
WD Parnell,25.95,4.653331956719994,51.944528988904906,20.535714285714285
WG Jacks,10.33,13.543918192093447,8.568843325571034,5.357142857142857
WP Saha,60.0,100.0,0.0,100.0
WPUJC Vaas,17.62,6.123596436691614,36.16179445268336,2.6785714285714284
Washington Sundar,31.5,17.148742623472664,51.42889728922594,21.428571428571427
X Thalaivan Sargunam,0.91,2.0115250834689307,0.0,0.0
Y Gnaneswara Rao,10.09,3.83392436190362,19.561584296403026,3.571428571428571
Y Nagar,14.64,13.55918702124714,11.970266928722552,25.0
Y Prithvi Raj,3.91,0.0,9.76514288076439,0.0
Y Venugopal Rao,28.16,39.614862118782284,16.130047708940683,25.892857142857146
YA Abdulla,12.5,0.0,31.237884603316278,0.0
YBK Jaiswal,34.33,63.794556787477475,0.0,37.5
YK Pathan,82.74,100.0,56.842232426860676,100.0
YS Chahal,50.39,2.5422959118813018,100.0,61.60714285714286
YV Dhull,2.08,2.5334511978171945,0.0,6.25
YV Takawale,10.93,10.111739586886026,0.0,42.5
Yash Dayal,18.76,0.0,42.54553883696181,11.607142857142858
Yash Thakur,15.31,0.0,35.93893002745652,6.25
Yashpal Singh,2.49,3.7449303853548006,0.0,5.357142857142857
Younis Khan,0.86,1.31091066107899,0.0,1.7857142857142856
Yudhvir Singh,9.32,4.680392039173458,18.03317251004407,0.0
Yuvraj Singh,76.08,100.0,48.91114607784004,76.78571428571429
Z Khan,50.22,6.634731327479291,100.0,48.214285714285715
