team,matches,wins,losses,win_pct,total_runs,runs_per_match,wickets,wickets_per_match,bowling_economy,powerplay_runs,middle_over_runs,death_over_runs,toss_wins,wins_after_toss,toss_to_win_conversion_pct,toss_win_rate_pct
Chennai Super Kings,238,138,99,58.22784810126582,38629,162.30672268907563,1361,5.718487394957983,7.962808266443904,10991,16544,11094,122,75,61.47540983606557,51.26050420168067
Deccan Chargers,75,29,46,38.666666666666664,11463,152.84,408,5.44,7.808955223880597,3417,4913,3133,43,19,44.18604651162791,57.333333333333336
Delhi Capitals,252,115,135,46.0,14900,59.12698412698413,552,2.1904761904761907,8.434613244296049,4709,6284,3907,130,61,46.92307692307692,51.587301587301596
Gujarat Lions,30,13,17,43.333333333333336,4862,162.06666666666666,133,4.433333333333334,8.73107049608355,1559,2144,1159,15,10,66.66666666666666,50.0
Gujarat Titans,45,28,17,62.22222222222222,7757,172.37777777777777,275,6.111111111111111,8.606614785992218,2184,3318,2255,22,14,63.63636363636363,48.888888888888886
Kochi Tuskers Kerala,14,6,8,42.857142857142854,1901,135.78571428571428,62,4.428571428571429,7.485530546623794,680,831,390,8,4,50.0,57.14285714285714
Kolkata Knight Riders,251,131,120,52.191235059760956,39331,156.69721115537848,1333,5.3107569721115535,8.019874476987448,11941,17267,10123,122,68,55.73770491803278,48.60557768924303
Lucknow Super Giants,44,24,19,55.81395348837209,7510,170.6818181818182,248,5.636363636363637,8.732281892593331,2080,3322,2108,19,10,52.63157894736842,43.18181818181818
Mumbai Indians,261,144,117,55.172413793103445,42176,161.59386973180077,1458,5.586206896551724,8.023917280565557,12225,18062,11889,143,78,54.54545454545454,54.78927203065134
Pune Warriors,46,12,33,26.666666666666668,6358,138.2173913043478,219,4.760869565217392,7.5940500847298065,1895,2730,1733,20,3,15.0,43.47826086956522
Punjab Kings,246,112,134,45.52845528455284,9536,38.764227642276424,316,1.2845528455284554,8.69215291750503,2841,4095,2600,109,45,41.284403669724774,44.3089430894309
Rajasthan Royals,221,112,107,51.141552511415526,34747,157.2262443438914,1155,5.226244343891403,8.146656684660547,10226,15388,9133,120,60,50.0,54.29864253393665
Rising Pune Supergiants,30,15,15,50.0,2063,68.76666666666667,70,2.3333333333333335,8.04887459807074,638,895,530,13,8,61.53846153846154,43.333333333333336
Royal Challengers Bengaluru,255,123,129,48.80952380952381,2930,11.490196078431373,81,0.3176470588235294,9.736842105263158,876,1238,816,121,61,50.413223140495866,47.45098039215686
Sunrisers Hyderabad,182,88,94,48.35164835164835,29071,159.73076923076923,984,5.406593406593407,8.172118676302777,8937,12462,7672,88,38,43.18181818181818,48.35164835164835
