season,team,matches,wins,win_pct
2007/08,Chennai Super Kings,16,9,56.25
2007/08,Deccan Chargers,14,2,14.285714285714285
2007/08,Delhi Capitals,14,7,50.0
2007/08,Kolkata Knight Riders,13,6,46.15384615384615
2007/08,Mumbai Indians,14,7,50.0
2007/08,Punjab Kings,15,10,66.66666666666666
2007/08,Rajasthan Royals,16,13,81.25
2007/08,Royal Challengers Bengaluru,14,4,28.57142857142857
2009,Chennai Super Kings,14,8,57.14285714285714
2009,Deccan Chargers,16,9,56.25
2009,Delhi Capitals,15,10,66.66666666666666
2009,Kolkata Knight Riders,13,3,23.076923076923077
2009,Mumbai Indians,13,5,38.46153846153847
2009,Punjab Kings,14,7,50.0
2009,Rajasthan Royals,13,6,46.15384615384615
2009,Royal Challengers Bengaluru,16,9,56.25
2009/10,Chennai Super Kings,16,9,56.25
2009/10,Deccan Chargers,16,8,50.0
2009/10,Delhi Capitals,14,7,50.0
2009/10,Kolkata Knight Riders,14,7,50.0
2009/10,Mumbai Indians,16,11,68.75
2009/10,Punjab Kings,14,4,28.57142857142857
2009/10,Rajasthan Royals,14,6,42.857142857142854
2009/10,Royal Challengers Bengaluru,16,8,50.0
2011,Chennai Super Kings,16,11,68.75
2011,Deccan Chargers,14,6,42.857142857142854
2011,Delhi Capitals,14,4,30.76923076923077
2011,Kochi Tuskers Kerala,14,6,42.857142857142854
2011,Kolkata Knight Riders,15,8,53.333333333333336
2011,Mumbai Indians,16,10,62.5
2011,Pune Warriors,14,4,30.76923076923077
2011,Punjab Kings,14,7,50.0
2011,Rajasthan Royals,13,6,46.15384615384615
2011,Royal Challengers Bengaluru,16,10,62.5
2012,Chennai Super Kings,18,10,55.55555555555556
2012,Deccan Chargers,15,4,26.666666666666668
2012,Delhi Capitals,18,11,61.111111111111114
2012,Kolkata Knight Riders,17,12,70.58823529411765
2012,Mumbai Indians,17,10,58.82352941176471
2012,Pune Warriors,16,4,25.0
2012,Punjab Kings,16,8,50.0
2012,Rajasthan Royals,16,7,43.75
2012,Royal Challengers Bengaluru,15,8,53.333333333333336
2013,Chennai Super Kings,18,12,66.66666666666666
2013,Delhi Capitals,16,3,18.75
2013,Kolkata Knight Riders,16,6,37.5
2013,Mumbai Indians,19,13,68.42105263157895
2013,Pune Warriors,16,4,25.0
2013,Punjab Kings,16,8,50.0
2013,Rajasthan Royals,18,11,61.111111111111114
2013,Royal Challengers Bengaluru,16,9,56.25
2013,Sunrisers Hyderabad,17,10,58.82352941176471
2014,Chennai Super Kings,16,10,62.5
2014,Delhi Capitals,14,2,14.285714285714285
2014,Kolkata Knight Riders,16,11,68.75
2014,Mumbai Indians,15,7,46.666666666666664
2014,Punjab Kings,17,12,70.58823529411765
2014,Rajasthan Royals,14,7,50.0
2014,Royal Challengers Bengaluru,14,5,35.714285714285715
2014,Sunrisers Hyderabad,14,6,42.857142857142854
2015,Chennai Super Kings,17,10,58.82352941176471
2015,Delhi Capitals,14,5,38.46153846153847
2015,Kolkata Knight Riders,13,7,53.84615384615385
2015,Mumbai Indians,16,10,62.5
2015,Punjab Kings,14,3,21.428571428571427
2015,Rajasthan Royals,14,7,53.84615384615385
2015,Royal Challengers Bengaluru,16,8,57.14285714285714
2015,Sunrisers Hyderabad,14,7,50.0
2016,Delhi Capitals,14,7,50.0
2016,Gujarat Lions,16,9,56.25
2016,Kolkata Knight Riders,15,8,53.333333333333336
2016,Mumbai Indians,14,7,50.0
2016,Punjab Kings,14,4,28.57142857142857
2016,Rising Pune Supergiants,14,5,35.714285714285715
2016,Royal Challengers Bengaluru,16,9,56.25
2016,Sunrisers Hyderabad,17,11,64.70588235294117
2017,Delhi Capitals,14,6,42.857142857142854
2017,Gujarat Lions,14,4,28.57142857142857
2017,Kolkata Knight Riders,16,9,56.25
2017,Mumbai Indians,17,12,70.58823529411765
2017,Punjab Kings,14,7,50.0
2017,Rising Pune Supergiants,16,10,62.5
2017,Royal Challengers Bengaluru,13,3,23.076923076923077
2017,Sunrisers Hyderabad,14,8,57.14285714285714
2018,Chennai Super Kings,16,11,68.75
2018,Delhi Capitals,14,5,35.714285714285715
2018,Kolkata Knight Riders,16,9,56.25
2018,Mumbai Indians,14,6,42.857142857142854
2018,Punjab Kings,14,6,42.857142857142854
2018,Rajasthan Royals,15,7,46.666666666666664
2018,Royal Challengers Bengaluru,14,6,42.857142857142854
2018,Sunrisers Hyderabad,17,10,58.82352941176471
2019,Chennai Super Kings,17,10,58.82352941176471
2019,Delhi Capitals,16,10,62.5
2019,Kolkata Knight Riders,14,6,42.857142857142854
2019,Mumbai Indians,16,11,68.75
2019,Punjab Kings,14,6,42.857142857142854
2019,Rajasthan Royals,14,5,38.46153846153847
2019,Royal Challengers Bengaluru,14,5,38.46153846153847
2019,Sunrisers Hyderabad,15,6,40.0
2020/21,Chennai Super Kings,14,6,42.857142857142854
2020/21,Delhi Capitals,17,9,52.94117647058824
2020/21,Kolkata Knight Riders,14,7,50.0
2020/21,Mumbai Indians,16,11,68.75
2020/21,Punjab Kings,14,6,42.857142857142854
2020/21,Rajasthan Royals,14,6,42.857142857142854
2020/21,Royal Challengers Bengaluru,15,7,46.666666666666664
2020/21,Sunrisers Hyderabad,16,8,50.0
2021,Chennai Super Kings,16,11,68.75
2021,Delhi Capitals,16,10,62.5
2021,Kolkata Knight Riders,17,9,52.94117647058824
2021,Mumbai Indians,14,7,50.0
2021,Punjab Kings,14,6,42.857142857142854
2021,Rajasthan Royals,14,5,35.714285714285715
2021,Royal Challengers Bengaluru,15,9,60.0
2021,Sunrisers Hyderabad,14,3,21.428571428571427
2022,Chennai Super Kings,14,4,28.57142857142857
2022,Delhi Capitals,14,7,50.0
2022,Gujarat Titans,16,12,75.0
2022,Kolkata Knight Riders,14,6,42.857142857142854
2022,Lucknow Super Giants,15,9,60.0
2022,Mumbai Indians,14,4,28.57142857142857
2022,Punjab Kings,14,7,50.0
2022,Rajasthan Royals,17,10,58.82352941176471
2022,Royal Challengers Bengaluru,16,9,56.25
2022,Sunrisers Hyderabad,14,6,42.857142857142854
2023,Chennai Super Kings,16,10,66.66666666666666
2023,Delhi Capitals,14,5,35.714285714285715
2023,Gujarat Titans,17,11,64.70588235294117
2023,Kolkata Knight Riders,14,6,42.857142857142854
2023,Lucknow Super Giants,15,8,57.14285714285714
2023,Mumbai Indians,16,9,56.25
2023,Punjab Kings,14,6,42.857142857142854
2023,Rajasthan Royals,14,7,50.0
2023,Royal Challengers Bengaluru,14,7,50.0
2023,Sunrisers Hyderabad,14,4,28.57142857142857
2024,Chennai Super Kings,14,7,50.0
2024,Delhi Capitals,14,7,50.0
2024,Gujarat Titans,12,5,41.66666666666667
2024,Kolkata Knight Riders,14,11,78.57142857142857
2024,Lucknow Super Giants,14,7,50.0
2024,Mumbai Indians,14,4,28.57142857142857
2024,Punjab Kings,14,5,35.714285714285715
2024,Rajasthan Royals,15,9,60.0
2024,Royal Challengers Bengaluru,15,7,46.666666666666664
2024,Sunrisers Hyderabad,16,9,56.25
2025,Chennai Super Kings,14,4,28.57142857142857
2025,Delhi Capitals,15,6,50.0
2025,Gujarat Titans,15,9,60.0
2025,Kolkata Knight Riders,13,5,41.66666666666667
2025,Lucknow Super Giants,14,6,42.857142857142854
2025,Mumbai Indians,16,9,56.25
2025,Punjab Kings,18,10,62.5
2025,Rajasthan Royals,14,4,30.76923076923077
2025,Royal Challengers Bengaluru,15,11,73.33333333333333
2025,Sunrisers Hyderabad,14,6,46.15384615384615
2026,Chennai Super Kings,14,6,42.857142857142854
2026,Delhi Capitals,14,7,50.0
2026,Gujarat Titans,17,10,58.82352941176471
2026,Kolkata Knight Riders,14,5,41.66666666666667
2026,Lucknow Super Giants,14,4,30.76923076923077
2026,Mumbai Indians,14,4,28.57142857142857
2026,Punjab Kings,14,7,53.84615384615385
2026,Rajasthan Royals,16,9,56.25
2026,Royal Challengers Bengaluru,16,11,68.75
2026,Sunrisers Hyderabad,15,9,60.0
