team,matches,toss_wins,wins_after_toss,toss_to_win_conversion_pct,matches_without_toss_win,wins_without_toss,win_pct_without_toss,toss_win_rate_pct
Chennai Super Kings,265,132,79,59.84848484848485,133,69,51.8796992481203,49.81132075471698
Deccan Chargers,75,43,19,44.18604651162791,32,10,31.25,57.333333333333336
Delhi Capitals,276,147,71,48.29931972789115,129,57,44.18604651162791,53.2608695652174
Gujarat Lions,30,15,10,66.66666666666666,15,3,20.0,50.0
Gujarat Titans,77,36,23,63.888888888888886,41,24,58.536585365853654,46.75324675324675
Kochi Tuskers Kerala,14,8,4,50.0,6,2,33.33333333333333,57.14285714285714
Kolkata Knight Riders,275,134,73,54.47761194029851,141,68,48.226950354609926,48.72727272727273
Lucknow Super Giants,70,29,16,55.172413793103445,41,18,43.90243902439025,41.42857142857143
Mumbai Indians,291,160,86,53.75,131,71,54.19847328244275,54.98281786941581
Pune Warriors,45,20,3,15.0,25,9,36.0,44.44444444444444
Punjab Kings,275,127,58,45.66929133858268,148,71,47.97297297297297,46.18181818181818
Rajasthan Royals,248,134,67,50.0,114,58,50.877192982456144,54.03225806451613
Rising Pune Supergiants,30,13,8,61.53846153846154,17,7,41.17647058823529,43.333333333333336
Royal Challengers Bengaluru,283,135,74,54.81481481481482,148,71,47.97297297297297,47.70318021201413
Sunrisers Hyderabad,210,99,43,43.43434343434344,111,60,54.054054054054056,47.14285714285714
