venue,matches,total_runs,legal_balls,wickets,fours,sixes,dot_balls,avg_runs_per_match,run_rate,wickets_per_match,boundary_rate_per_legal_ball,six_rate_per_legal_ball,dot_ball_pct,avg_first_innings_score,chasing_matches,chasing_wins,chasing_win_pct
Arun Jaitley Stadium,14,4543,3255,156,368,198,1139,324.5,8.374193548387098,11.142857142857142,17.38863287250384,6.082949308755761,34.99231950844854,168.28571428571428,14,7,50.0
"Arun Jaitley Stadium, Delhi",16,6091,3780,184,530,299,1228,380.6875,9.668253968253968,11.5,21.93121693121693,7.91005291005291,32.48677248677249,199.0625,16,7,43.75
Barabati Stadium,7,2278,1654,69,215,68,558,325.42857142857144,8.263603385731559,9.857142857142858,17.110036275695283,4.111245465538089,33.736396614268436,167.71428571428572,7,3,42.857142857142854
"Barsapara Cricket Stadium, Guwahati",3,1019,714,36,101,32,246,339.6666666666667,8.563025210084033,12.0,18.627450980392158,4.481792717086835,34.45378151260504,180.0,3,1,33.33333333333333
"Bharat Ratna Shri Atal Bihari Vajpayee Ekana Cricket Stadium, Lucknow",14,4294,3154,166,338,160,1136,306.7142857142857,8.168674698795181,11.857142857142858,15.789473684210526,5.072923272035511,36.01775523145213,165.42857142857142,13,6,46.15384615384615
Brabourne Stadium,10,3481,2365,107,327,105,774,348.1,8.831289640591965,10.7,18.266384778012686,4.439746300211417,32.72727272727273,180.4,10,4,40.0
"Brabourne Stadium, Mumbai",17,5824,3876,198,548,228,1388,342.5882352941176,9.01547987616099,11.647058823529411,20.020639834881322,5.88235294117647,35.81011351909184,177.41176470588235,17,9,52.94117647058824
Buffalo Park,3,799,681,34,56,27,267,266.3333333333333,7.039647577092511,11.333333333333334,12.187958883994126,3.9647577092511015,39.20704845814978,147.33333333333334,3,1,33.33333333333333
De Beers Diamond Oval,3,897,706,32,62,34,264,299.0,7.623229461756374,10.666666666666666,13.59773371104816,4.815864022662889,37.39376770538244,158.0,3,2,66.66666666666666
Dr DY Patil Sports Academy,17,4810,3831,199,390,173,1593,282.94117647058823,7.533281127642913,11.705882352941176,14.69590185330201,4.515792221352127,41.58183241973375,146.64705882352942,17,10,58.82352941176471
"Dr DY Patil Sports Academy, Mumbai",20,6573,4687,240,522,285,1765,328.65,8.414337529336462,12.0,17.217836569234052,6.080648602517602,37.65735011734585,170.7,20,10,50.0
Dr. Y.S. Rajasekhara Reddy ACA-VDCA Cricket Stadium,13,3746,2950,154,291,154,1146,288.15384615384613,7.618983050847457,11.846153846153847,15.084745762711865,5.220338983050848,38.847457627118644,157.46153846153845,13,7,53.84615384615385
"Dr. Y.S. Rajasekhara Reddy ACA-VDCA Cricket Stadium, Visakhapatnam",2,800,466,28,63,45,157,400.0,10.300429184549355,14.0,23.17596566523605,9.656652360515022,33.69098712446352,231.5,2,0,0.0
Dubai International Cricket Stadium,46,14450,10817,505,1189,495,3854,314.1304347826087,8.015161320144218,10.978260869565217,15.568087270037903,4.576130165480262,35.629102338910975,163.7608695652174,46,23,50.0
Eden Gardens,77,23658,17427,788,2175,861,6474,307.24675324675326,8.14529178860389,10.233766233766234,17.421242898949902,4.9406093992081255,37.149251161990016,160.1818181818182,77,47,61.038961038961034
"Eden Gardens, Kolkata",16,6085,3670,180,524,322,1273,380.3125,9.948228882833789,11.25,23.05177111716621,8.773841961852861,34.6866485013624,195.625,16,8,50.0
Feroz Shah Kotla,60,18421,13475,619,1660,636,4756,307.01666666666665,8.20230055658627,10.316666666666666,17.03896103896104,4.719851576994434,35.29499072356215,161.63333333333333,59,32,54.23728813559322
Green Park,4,1298,891,43,151,36,312,324.5,8.74074074074074,10.75,20.98765432098765,4.040404040404041,35.01683501683502,161.25,4,4,100.0
Himachal Pradesh Cricket Association Stadium,9,2897,2093,102,299,108,868,321.8888888888889,8.304825609173436,11.333333333333334,19.445771619684663,5.160057333970378,41.47157190635451,175.66666666666666,9,4,44.44444444444444
"Himachal Pradesh Cricket Association Stadium, Dharamsala",4,1515,940,53,139,75,324,378.75,9.670212765957448,13.25,22.76595744680851,7.9787234042553195,34.46808510638298,202.0,4,1,25.0
Holkar Cricket Stadium,9,2872,1888,84,222,155,643,319.1111111111111,9.127118644067796,9.333333333333334,19.968220338983052,8.209745762711865,34.05720338983051,160.33333333333334,9,8,88.88888888888889
JSCA International Stadium Complex,7,2056,1634,71,154,76,620,293.7142857142857,7.549571603427173,10.142857142857142,14.075887392900857,4.651162790697675,37.9436964504284,149.0,7,5,71.42857142857143
Kingsmead,15,4353,3510,178,361,130,1364,290.2,7.441025641025641,11.866666666666667,13.98860398860399,3.7037037037037033,38.86039886039886,152.0,15,7,46.666666666666664
M Chinnaswamy Stadium,65,20263,14312,671,1744,861,5292,311.73846153846154,8.494829513694802,10.323076923076924,18.201509223029625,6.015930687534936,36.975964225824484,168.06153846153848,63,37,58.730158730158735
"M Chinnaswamy Stadium, Bengaluru",14,5322,3262,161,416,285,1036,380.14285714285717,9.789086450030657,11.5,21.489883507050887,8.736971183323115,31.759656652360512,196.21428571428572,14,6,42.857142857142854
M.Chinnaswamy Stadium,15,5127,3368,167,409,256,1134,341.8,9.133610451306412,11.133333333333333,19.744655581947743,7.600950118764846,33.66983372921615,173.93333333333334,14,7,50.0
MA Chidambaram Stadium,9,2563,2066,95,192,102,826,284.77777777777777,7.443368828654405,10.555555555555555,14.230396902226525,4.937076476282671,39.98063891577928,150.55555555555554,9,5,55.55555555555556
"MA Chidambaram Stadium, Chepauk",48,15277,11351,507,1253,507,4003,318.2708333333333,8.075235662056206,10.5625,15.505241828913752,4.466566822306405,35.26561536428508,166.02083333333334,48,17,35.41666666666667
"MA Chidambaram Stadium, Chepauk, Chennai",28,8866,6530,330,719,315,2302,316.64285714285717,8.146401225114856,11.785714285714286,15.834609494640123,4.823889739663093,35.25267993874426,164.53571428571428,28,14,50.0
"Maharaja Yadavindra Singh International Cricket Stadium, Mullanpur",5,1675,1185,72,143,69,421,335.0,8.481012658227849,14.4,17.890295358649787,5.822784810126582,35.527426160337555,167.4,5,3,60.0
Maharashtra Cricket Association Stadium,22,7007,5096,230,572,264,1755,318.5,8.25,10.454545454545455,16.40502354788069,5.180533751962323,34.43877551020408,166.4090909090909,22,14,63.63636363636363
"Maharashtra Cricket Association Stadium, Pune",13,4108,3013,160,303,200,1154,316.0,8.180550945901095,12.307692307692308,16.694324593428476,6.637902422834384,38.30069697975439,171.46153846153845,13,3,23.076923076923077
"Narendra Modi Stadium, Ahmedabad",24,8150,5476,269,648,376,1816,339.5833333333333,8.929875821767714,11.208333333333334,18.699780861943026,6.866325785244704,33.16289262235208,175.75,24,15,62.5
Nehru Stadium,5,1363,1116,55,123,39,450,272.6,7.327956989247312,11.0,14.516129032258066,3.494623655913978,40.32258064516129,146.8,5,2,40.0
New Wanderers Stadium,8,2292,1879,86,185,64,744,286.5,7.318786588610963,10.75,13.251729643427353,3.4060670569451834,39.59552953698776,144.0,8,5,62.5
Newlands,7,1797,1479,82,146,63,620,256.7142857142857,7.290060851926977,11.714285714285714,14.131169709263016,4.259634888438134,41.92021636240703,139.42857142857142,7,2,28.57142857142857
OUTsurance Oval,2,529,475,24,42,8,205,264.5,6.6821052631578945,12.0,10.526315789473683,1.6842105263157894,43.15789473684211,135.0,2,1,50.0
Punjab Cricket Association IS Bindra Stadium,10,3476,2353,96,290,132,720,347.6,8.863578410539736,9.6,17.934551636209093,5.609859753506162,30.59923501912452,175.6,10,6,60.0
"Punjab Cricket Association IS Bindra Stadium, Mohali",11,3545,2507,107,338,87,744,322.27272727272725,8.484244116473873,9.727272727272727,16.952532907857996,3.470283207020343,29.67690466693259,164.0909090909091,11,6,54.54545454545454
"Punjab Cricket Association IS Bindra Stadium, Mohali, Chandigarh",5,1856,1158,56,172,76,372,371.2,9.61658031088083,11.2,21.416234887737478,6.563039723661486,32.12435233160622,197.8,5,2,40.0
"Punjab Cricket Association Stadium, Mohali",35,10987,8014,375,1040,307,2810,313.9142857142857,8.225854754180185,10.714285714285714,16.808085849762914,3.8307961068130774,35.063638632393314,163.28571428571428,35,20,57.14285714285714
Rajiv Gandhi International Stadium,15,4631,3492,172,378,168,1259,308.73333333333335,7.957044673539519,11.466666666666667,15.63573883161512,4.810996563573884,36.05383734249713,162.6,15,7,46.666666666666664
"Rajiv Gandhi International Stadium, Uppal",49,14888,11226,502,1284,492,4093,303.83673469387753,7.957242116515232,10.244897959183673,15.820416889363976,4.38268305718867,36.46000356315696,156.14285714285714,49,30,61.224489795918366
"Rajiv Gandhi International Stadium, Uppal, Hyderabad",13,4743,3016,135,412,217,981,364.84615384615387,9.435676392572944,10.384615384615385,20.855437665782496,7.194960212201591,32.52652519893899,188.3846153846154,13,6,46.15384615384615
"Sardar Patel Stadium, Motera",12,3767,2807,120,306,130,964,313.9166666666667,8.052012825080157,10.0,15.532597078731742,4.631278945493409,34.34271464196651,163.16666666666666,12,6,50.0
Saurashtra Cricket Association Stadium,10,3333,2305,99,306,104,724,333.3,8.67592190889371,9.9,17.787418655097614,4.511930585683297,31.409978308026034,168.9,10,7,70.0
Sawai Mansingh Stadium,47,14264,10761,461,1349,363,3927,303.48936170212767,7.953164204070253,9.808510638297872,15.909302109469381,3.373292444940061,36.492890995260666,157.68085106382978,47,32,68.08510638297872
"Sawai Mansingh Stadium, Jaipur",10,3421,2280,97,285,141,702,342.1,9.00263157894737,9.7,18.684210526315788,6.184210526315789,30.789473684210527,179.5,10,5,50.0
Shaheed Veer Narayan Singh International Stadium,6,1741,1396,54,161,44,543,290.1666666666667,7.482808022922637,9.0,14.684813753581663,3.151862464183381,38.89684813753582,146.33333333333334,6,4,66.66666666666666
Sharjah Cricket Stadium,28,8583,6447,304,593,394,2351,306.5357142857143,7.987901349464868,10.857142857142858,15.309446254071663,6.111369629284939,36.46657360012409,159.03571428571428,28,18,64.28571428571429
Sheikh Zayed Stadium,29,8857,6711,306,782,255,2376,305.41379310344826,7.918641037103264,10.551724137931034,15.452242586797796,3.799731783638802,35.404559678140366,158.86206896551724,29,16,55.172413793103445
St George's Park,7,2033,1613,69,151,62,605,290.42857142857144,7.562306261624303,9.857142857142858,13.205207687538747,3.84376937383757,37.5077495350279,159.0,7,4,57.14285714285714
Subrata Roy Sahara Stadium,16,4528,3726,161,362,138,1372,283.0,7.291465378421901,10.0625,13.419216317767043,3.7037037037037033,36.822329575952764,149.4375,16,6,37.5
SuperSport Park,12,3653,2752,117,318,120,1050,304.4166666666667,7.964389534883721,9.75,15.915697674418606,4.3604651162790695,38.15406976744186,154.83333333333334,12,8,66.66666666666666
"Vidarbha Cricket Association Stadium, Jamtha",3,882,711,43,66,26,275,294.0,7.443037974683544,14.333333333333334,12.939521800281295,3.6568213783403656,38.67791842475386,149.33333333333334,3,1,33.33333333333333
Wankhede Stadium,73,23407,16913,822,2095,900,6305,320.64383561643837,8.303789984035948,11.26027397260274,17.70827174362916,5.321350440489564,37.27901614142967,166.02739726027397,73,37,50.68493150684932
"Wankhede Stadium, Mumbai",45,15587,10407,496,1354,711,3740,346.3777777777778,8.986451426924186,11.022222222222222,19.84241375996925,6.831940040357452,35.9373498606707,177.11111111111111,45,27,60.0
"Zayed Cricket Stadium, Abu Dhabi",8,2475,1804,88,228,73,618,309.375,8.23170731707317,11.0,16.685144124168513,4.046563192904657,34.25720620842572,159.0,8,5,62.5
