feature,mean_absolute_shap
numeric__team_b_matches,0.37216644452452263
numeric__team_a_matches,0.3085609573546499
numeric__h2h_matches_before,0.19718864163492075
numeric__team_b_h2h_wins,0.18925083672004792
numeric__team_a_recent_win_rate,0.16739032190508052
numeric__team_a_h2h_wins,0.15968180028458762
numeric__recent_wins_diff,0.13217776235639786
numeric__team_a_recent_wins,0.12126502369713599
numeric__team_a_runs_per_match,0.11665414203835818
categorical__team_b_Mumbai Indians,0.11194674860464406
numeric__team_b_runs_per_match,0.1104209350840325
numeric__team_b_win_rate,0.1088480925465769
numeric__venue_avg_first_innings,0.10584554749264084
numeric__recent_win_rate_diff,0.09963700119355619
categorical__team_b_Chennai Super Kings,0.09957089486962915
categorical__season_2013,0.09145013152510093
categorical__team_a_Sunrisers Hyderabad,0.09071223460109709
numeric__venue_chasing_win_rate,0.08432966755375108
categorical__team_a_Mumbai Indians,0.07914612921994726
numeric__team_b_recent_wins,0.07911940382095325
numeric__team_b_bowling_economy,0.07810951294919924
numeric__experience_diff,0.07701065069545872
numeric__venue_matches_before,0.07692527607588576
numeric__team_a_win_rate,0.06585889128074614
numeric__toss_decision_bat,0.06436040189775068
numeric__toss_decision_field,0.06436040189775027
numeric__team_b_wickets_per_match,0.06165219842500035
categorical__team_a_Deccan Chargers,0.05637830080587588
categorical__season_2019,0.055587799482002306
numeric__team_a_bowling_economy,0.05382250082512137
categorical__season_2012,0.048986378995129594
numeric__wickets_per_match_diff,0.046654789224471034
categorical__season_2021,0.04569927215545883
categorical__season_2017,0.04452709090883865
numeric__team_b_runs_conceded_per_match,0.04429100721152623
numeric__team_a_recent_matches,0.0428000542370863
categorical__team_b_Punjab Kings,0.04047585577035193
categorical__team_a_Chennai Super Kings,0.03880045436593455
categorical__venue_Sawai Mansingh Stadium,0.037266894523572416
categorical__team_b_Rajasthan Royals,0.03692058705810676
"categorical__venue_MA Chidambaram Stadium, Chepauk",0.0347888373929971
categorical__team_b_Delhi Capitals,0.03429531020135742
numeric__career_win_rate_diff,0.032784821845211885
categorical__team_a_Punjab Kings,0.032611139079936666
categorical__venue_Feroz Shah Kotla,0.03239043777307177
numeric__team_a_runs_conceded_per_match,0.030858905924504645
categorical__team_a_Royal Challengers Bengaluru,0.029852016987543722
categorical__team_b_Royal Challengers Bengaluru,0.028750794722297177
numeric__h2h_win_diff,0.02801023057274754
numeric__team_a_h2h_win_rate,0.02700699283618071
categorical__venue_Eden Gardens,0.0262127137685279
categorical__season_2007/08,0.02588210894176067
categorical__season_2016,0.02528859958539218
categorical__venue_Sheikh Zayed Stadium,0.02524813275642074
categorical__team_a_Delhi Capitals,0.024256783207455643
"categorical__venue_Rajiv Gandhi International Stadium, Uppal",0.02291113414104879
categorical__venue_Dubai International Cricket Stadium,0.02276212599875077
categorical__team_a_Rajasthan Royals,0.02151726516852797
categorical__venue_Sharjah Cricket Stadium,0.021004135534695798
categorical__season_2020/21,0.020810370715551793
categorical__team_b_Pune Warriors,0.02046630385840709
categorical__venue_Maharashtra Cricket Association Stadium,0.019208236727038232
categorical__team_a_Kolkata Knight Riders,0.018048411013706415
numeric__runs_per_match_diff,0.017581258311778283
categorical__season_2018,0.014739264651391004
categorical__season_2015,0.014734723142204679
numeric__team_b_recent_win_rate,0.014608948712464822
numeric__economy_diff,0.013271842601935292
numeric__team_b_recent_matches,0.013203547010614517
categorical__team_a_Pune Warriors,0.012616952746189632
categorical__venue_M Chinnaswamy Stadium,0.011436444809921132
categorical__season_2014,0.010589635396416549
categorical__season_2009/10,0.010255212576154662
"categorical__venue_MA Chidambaram Stadium, Chepauk, Chennai",0.010130915061789463
categorical__team_b_Kolkata Knight Riders,0.009885168388029664
categorical__season_2009,0.00987407026853546
categorical__venue_Subrata Roy Sahara Stadium,0.008654304604647308
categorical__team_a_Rising Pune Supergiants,0.008171326282753027
categorical__team_b_Rising Pune Supergiants,0.0071094878411949985
"categorical__venue_Sardar Patel Stadium, Motera",0.00670243097537453
numeric__runs_conceded_diff,0.006698364277571659
categorical__venue_Kingsmead,0.006660817716603924
categorical__venue_Dr. Y.S. Rajasekhara Reddy ACA-VDCA Cricket Stadium,0.006637924572336085
categorical__venue_M.Chinnaswamy Stadium,0.006062589379439062
categorical__venue_Rajiv Gandhi International Stadium,0.005885260152499653
categorical__team_a_Gujarat Lions,0.005593179846970391
categorical__venue_Barabati Stadium,0.004685417359121609
"categorical__venue_Brabourne Stadium, Mumbai",0.004570400649585949
numeric__team_a_wickets_per_match,0.004334035728568059
categorical__venue_Arun Jaitley Stadium,0.00410847338960186
"categorical__venue_Wankhede Stadium, Mumbai",0.004072407851810777
categorical__team_b_Deccan Chargers,0.0039769001966246
categorical__venue_Dr DY Patil Sports Academy,0.003738622406955261
categorical__venue_Brabourne Stadium,0.003700361430446083
categorical__venue_New Wanderers Stadium,0.0036608706616316987
"categorical__venue_Punjab Cricket Association IS Bindra Stadium, Mohali",0.0035699421296482505
"categorical__venue_Arun Jaitley Stadium, Delhi",0.0035052574415878764
categorical__venue_Saurashtra Cricket Association Stadium,0.0033700015345092633
categorical__team_b_Gujarat Lions,0.0033414145411837567
categorical__season_2011,0.003104445564317901
categorical__venue_St George's Park,0.003086398926953417
categorical__team_b_Sunrisers Hyderabad,0.002449585100528972
categorical__venue_MA Chidambaram Stadium,0.0022593624313255586
"categorical__venue_Narendra Modi Stadium, Ahmedabad",0.0020656045208177817
categorical__venue_SuperSport Park,0.0019078333735665107
categorical__venue_Newlands,0.0018359334130888393
categorical__venue_Holkar Cricket Stadium,0.001783724515963649
categorical__venue_Wankhede Stadium,0.0012993200922487155
"categorical__venue_Vidarbha Cricket Association Stadium, Jamtha",0.0011993194295112422
categorical__venue_Nehru Stadium,0.0009961408071731106
categorical__venue_Shaheed Veer Narayan Singh International Stadium,0.0009394305520783772
categorical__venue_Green Park,0.0008418065471547238
"categorical__venue_Zayed Cricket Stadium, Abu Dhabi",0.0007426462900325942
categorical__team_a_Kochi Tuskers Kerala,0.00053119413575381
categorical__venue_Himachal Pradesh Cricket Association Stadium,0.0005062641395341119
categorical__venue_Buffalo Park,0.00047506650240307645
categorical__venue_JSCA International Stadium Complex,0.00043821859293091605
categorical__venue_De Beers Diamond Oval,0.0003937781184354707
categorical__team_b_Kochi Tuskers Kerala,0.0003432099269656192
numeric__toss_team_b_won,0.00025768410284562383
numeric__toss_team_a_won,0.00025768410284562383
categorical__venue_Punjab Cricket Association IS Bindra Stadium,0.00019184917874946967
"categorical__venue_Punjab Cricket Association Stadium, Mohali",0.00011283549490965632
categorical__venue_OUTsurance Oval,1.1121726779101539e-05
